timestamp,value,anomaly_score,label,S(t)_reward_low_FP_rate,S(t)_reward_low_FN_rate,S(t)_standard
2011-07-01 00:15:01,0.0917952281677,0,0,0.0,0.0,0.0
2011-07-01 01:15:01,0.0744137628753,0,0,0.0,0.0,0.0
2011-07-01 02:15:01,0.0569843441252,0,0,0.0,0.0,0.0
2011-07-01 03:15:01,0.0712252820575,0,0,0.0,0.0,0.0
2011-07-01 04:15:01,0.045465890183,0,0,0.0,0.0,0.0
2011-07-01 05:15:01,0.0506269070735,0,0,0.0,0.0,0.0
2011-07-01 06:15:01,0.061598587998,0,0,0.0,0.0,0.0
2011-07-01 07:15:01,0.0649577715217,0,0,0.0,0.0,0.0
2011-07-01 08:15:01,0.0668175037295,0,0,0.0,0.0,0.0
2011-07-01 09:15:01,0.0658243386243,0,0,0.0,0.0,0.0
2011-07-01 10:15:01,0.0649368367863,0,0,0.0,0.0,0.0
2011-07-01 11:15:01,0.0795250560957,0,0,0.0,0.0,0.0
2011-07-01 12:15:01,0.0960173380928,0,0,0.0,0.0,0.0
2011-07-01 13:15:01,0.0847003154574,0,0,0.0,0.0,0.0
2011-07-01 14:15:01,0.0732953249715,0,0,0.0,0.0,0.0
2011-07-01 15:15:01,0.0614428281461,0,0,0.0,0.0,0.0
2011-07-01 16:15:01,0.0612365675128,0,0,0.0,0.0,0.0
2011-07-01 17:15:01,0.0843507972665,0,0,0.0,0.0,0.0
2011-07-01 18:15:01,0.0679858974359,0,0,0.0,0.0,0.0
2011-07-01 19:15:01,0.0595021130481,0,0,0.0,0.0,0.0
2011-07-01 20:15:01,0.0654113396331,0,0,0.0,0.0,0.0
2011-07-01 21:15:01,0.0659261166173,0,0,0.0,0.0,0.0
2011-07-01 22:15:01,0.0706836648921,0,0,0.0,0.0,0.0
2011-07-01 23:15:01,0.0496564885496,0,0,0.0,0.0,0.0
2011-07-02 00:15:01,0.0718720184241,0,0,0.0,0.0,0.0
2011-07-02 01:15:01,0.0812614259598,0,0,0.0,0.0,0.0
2011-07-02 02:15:01,0.0667477696675,0,0,0.0,0.0,0.0
2011-07-02 03:15:01,0.0652968163492,0,0,0.0,0.0,0.0
2011-07-02 04:15:01,0.0641572154869,0,0,0.0,0.0,0.0
2011-07-02 05:15:01,0.0649726255653,0,0,0.0,0.0,0.0
2011-07-02 06:15:01,0.0634786980018,0,0,0.0,0.0,0.0
2011-07-02 07:15:01,0.067405255513,0,0,0.0,0.0,0.0
2011-07-02 08:15:01,0.0654501957373,0,0,0.0,0.0,0.0
2011-07-02 09:15:01,0.0615190082645,0,0,0.0,0.0,0.0
2011-07-02 10:15:01,0.0618404558405,0,0,0.0,0.0,0.0
2011-07-02 11:15:01,0.0719634703196,0,0,0.0,0.0,0.0
2011-07-02 12:15:01,0.0909919571046,0,0,0.0,0.0,0.0
2011-07-02 13:15:01,0.0954404145078,0,0,0.0,0.0,0.0
2011-07-02 14:15:01,0.0740964203233,0,0,0.0,0.0,0.0
2011-07-02 15:15:01,0.071954523464,0,0,0.0,0.0,0.0
2011-07-02 16:15:01,0.056978109984,0,0,0.0,0.0,0.0
2011-07-02 17:15:01,0.0655478119935,0,0,0.0,0.0,0.0
2011-07-02 18:15:01,0.0678270884521,0,0,0.0,0.0,0.0
2011-07-02 19:15:01,0.0655969531379,0,0,0.0,0.0,0.0
2011-07-02 20:15:01,0.071215303826,0,0,0.0,0.0,0.0
2011-07-02 21:15:01,0.0724433962264,0,0,0.0,0.0,0.0
2011-07-02 22:15:01,0.0713760304375,0,0,0.0,0.0,0.0
2011-07-02 23:15:01,0.045797762572,0,0,0.0,0.0,0.0
2011-07-03 00:15:01,0.0802158848614,0,0,0.0,0.0,0.0
2011-07-03 01:15:01,0.0916660881638,0,0,0.0,0.0,0.0
2011-07-03 02:15:01,0.0699398931434,0,0,0.0,0.0,0.0
2011-07-03 03:15:01,0.0776131134969,0,0,0.0,0.0,0.0
2011-07-03 04:15:01,0.0798389694042,0,0,0.0,0.0,0.0
2011-07-03 05:15:01,0.0808955223881,0,0,0.0,0.0,0.0
2011-07-03 06:15:01,0.0838594401429,0,0,0.0,0.0,0.0
2011-07-03 07:15:01,0.0892477966796,0,0,0.0,0.0,0.0
2011-07-03 08:15:01,0.0853902103401,0,0,0.0,0.0,0.0
2011-07-03 09:15:01,0.0794285133211,0,0,0.0,0.0,0.0
2011-07-03 10:15:01,0.07426276771,0,0,0.0,0.0,0.0
2011-07-03 11:15:01,0.0890734730009,0,0,0.0,0.0,0.0
2011-07-03 12:15:01,0.127258373206,0,0,0.0,0.0,0.0
2011-07-03 13:15:01,0.116625799574,0,0,0.0,0.0,0.0
2011-07-03 14:15:01,0.095593279664,0,0,0.0,0.0,0.0
2011-07-03 15:15:01,0.0690759517888,0,0,0.0,0.0,0.0
2011-07-03 16:15:01,0.0551438240271,0,0,0.0,0.0,0.0
2011-07-03 17:15:01,0.0721191195511,0,0,0.0,0.0,0.0
2011-07-03 18:15:01,0.073908276714,0,0,0.0,0.0,0.0
2011-07-03 19:15:01,0.0800259403372,0,0,0.0,0.0,0.0
2011-07-03 20:15:01,0.07636257505,0,0,0.0,0.0,0.0
2011-07-03 21:15:01,0.0736280137773,0,0,0.0,0.0,0.0
2011-07-03 22:15:01,0.0701742301459,0,0,0.0,0.0,0.0
2011-07-03 23:15:01,0.0515876583572,0,0,0.0,0.0,0.0
2011-07-04 00:15:01,0.0801203649777,0,0,0.0,0.0,0.0
2011-07-04 01:15:01,0.0887653661144,0,0,0.0,0.0,0.0
2011-07-04 02:15:01,0.0872950400545,0,0,0.0,0.0,0.0
2011-07-04 03:15:01,0.092387312187,0,0,0.0,0.0,0.0
2011-07-04 04:15:01,0.0756746510426,0,0,0.0,0.0,0.0
2011-07-04 05:15:01,0.0675771765522,0,0,0.0,0.0,0.0
2011-07-04 06:15:01,0.0735627029535,0,0,0.0,0.0,0.0
2011-07-04 07:15:01,0.076390779703,0,0,0.0,0.0,0.0
2011-07-04 08:15:01,0.0756823569252,0,0,0.0,0.0,0.0
2011-07-04 09:15:01,0.075161128736,0,0,0.0,0.0,0.0
2011-07-04 10:15:01,0.0710463029433,0,0,0.0,0.0,0.0
2011-07-04 11:15:01,0.0886698043101,0,0,0.0,0.0,0.0
2011-07-04 12:15:01,0.108092805449,0,0,0.0,0.0,0.0
2011-07-04 13:15:01,0.110381165919,0,0,0.0,0.0,0.0
2011-07-04 14:15:01,0.079259645464,0,0,0.0,0.0,0.0
2011-07-04 15:15:01,0.0618068669528,0,0,0.0,0.0,0.0
2011-07-04 16:15:01,0.068774496995,0,0,0.0,0.0,0.0
2011-07-04 17:15:01,0.0704708097928,0,0,0.0,0.0,0.0
2011-07-04 18:15:01,0.0743938890734,0,0,0.0,0.0,0.0
2011-07-04 19:15:01,0.0769565217391,0,0,0.0,0.0,0.0
2011-07-04 20:15:01,0.0680140350877,0,0,0.0,0.0,0.0
2011-07-04 21:15:01,0.0627029012119,0,0,0.0,0.0,0.0
2011-07-04 22:15:01,0.0647668479156,0,0,0.0,0.0,0.0
2011-07-04 23:15:01,0.0453928910452,0,0,0.0,0.0,0.0
2011-07-05 00:15:01,0.065628403398,0,0,0.0,0.0,0.0
2011-07-05 01:15:01,0.0719560290118,0,0,0.0,0.0,0.0
2011-07-05 02:15:01,0.0597875304772,0,0,0.0,0.0,0.0
2011-07-05 03:15:01,0.061841962836,0,0,0.0,0.0,0.0
2011-07-05 04:15:01,0.0618097367968,0,0,0.0,0.0,0.0
2011-07-05 05:15:01,0.0596760865973,0,0,0.0,0.0,0.0
2011-07-05 06:15:01,0.190324551874,0,0,0.0,0.0,0.0
2011-07-05 07:15:01,0.0633426020782,0,0,0.0,0.0,0.0
2011-07-05 08:15:01,0.0652828561573,0,0,0.0,0.0,0.0
2011-07-05 09:15:01,0.0705521922583,0,0,0.0,0.0,0.0
2011-07-05 10:15:01,0.0698668146504,0,0,0.0,0.0,0.0
2011-07-05 11:15:01,0.0889637136319,0,0,0.0,0.0,0.0
2011-07-05 12:15:01,0.101171128107,0,0,0.0,0.0,0.0
2011-07-05 13:15:01,0.0980077120823,0,0,0.0,0.0,0.0
2011-07-05 14:15:01,0.0762084257206,0,0,0.0,0.0,0.0
2011-07-05 15:15:01,0.0591706881144,0,0,0.0,0.0,0.0
2011-07-05 16:15:01,0.0604942319369,0,0,0.0,0.0,0.0
2011-07-05 17:15:01,0.0691012366983,0,0,0.0,0.0,0.0
2011-07-05 18:15:01,0.0599798359995,0,0,0.0,0.0,0.0
2011-07-05 19:15:01,0.0569892587472,0,0,0.0,0.0,0.0
2011-07-05 20:15:01,0.0585059567226,0,0,0.0,0.0,0.0
2011-07-05 21:15:01,0.055420297627,0,0,0.0,0.0,0.0
2011-07-05 22:15:01,0.0562787942609,0,0,0.0,0.0,0.0
2011-07-05 23:15:01,0.0456248992098,0,0,0.0,0.0,0.0
2011-07-06 00:15:01,0.057413244431,0,0,0.0,0.0,0.0
2011-07-06 01:15:01,0.0677631109526,0,0,0.0,0.0,0.0
2011-07-06 02:15:01,0.0565316275764,0,0,0.0,0.0,0.0
2011-07-06 03:15:01,0.0576893562598,0,0,0.0,0.0,0.0
2011-07-06 04:15:01,0.0590633280339,0,0,0.0,0.0,0.0
2011-07-06 05:15:01,0.0561349862259,0,0,0.0,0.0,0.0
2011-07-06 06:15:01,0.0627678210484,0,0,0.0,0.0,0.0
2011-07-06 07:15:01,0.0673011657075,0,0,0.0,0.0,0.0
2011-07-06 08:15:01,0.0684126135756,0,0,0.0,0.0,0.0
2011-07-06 09:15:01,0.072714670774,0,0,0.0,0.0,0.0
2011-07-06 10:15:01,0.072628889921,0,0,0.0,0.0,0.0
2011-07-06 11:15:01,0.0867998678996,0,0,0.0,0.0,0.0
2011-07-06 12:15:01,0.101749089016,0,0,0.0,0.0,0.0
2011-07-06 13:15:01,0.0934053833605,0,0,0.0,0.0,0.0
2011-07-06 14:15:01,0.0724908520648,0,0,0.0,0.0,0.0
2011-07-06 15:15:01,0.0569333333333,0,0,0.0,0.0,0.0
2011-07-06 16:15:01,0.0749813355454,0,0,0.0,0.0,0.0
2011-07-06 17:15:01,0.0747204301075,0,0,0.0,0.0,0.0
2011-07-06 18:15:01,0.076027664134,0,0,0.0,0.0,0.0
2011-07-06 19:15:01,0.0749815621857,0,0,0.0,0.0,0.0
2011-07-06 20:15:01,0.0735380835381,0,0,0.0,0.0,0.0
2011-07-06 21:15:01,0.0707794606576,0,0,0.0,0.0,0.0
2011-07-06 22:15:01,0.0799764111205,0,0,0.0,0.0,0.0
2011-07-06 23:15:01,0.0548352453014,0,0,0.0,0.0,0.0
2011-07-07 00:15:01,0.0813649538867,0,0,0.0,0.0,0.0
2011-07-07 01:15:01,0.0985048543689,0,0,0.0,0.0,0.0
2011-07-07 02:15:01,0.0812403951701,0,0,0.0,0.0,0.0
2011-07-07 03:15:01,0.0923138183384,0,0,0.0,0.0,0.0
2011-07-07 04:15:01,0.0886580276741,0,0,0.0,0.0,0.0
2011-07-07 05:15:01,0.0904265306122,0,0,0.0,0.0,0.0
2011-07-07 06:15:01,0.0885980720872,0,0,0.0,0.0,0.0
2011-07-07 07:15:01,0.0911781285231,0,0,0.0,0.0,0.0
2011-07-07 08:15:01,0.0889614243323,0,0,0.0,0.0,0.0
2011-07-07 09:15:01,0.0840167814114,0,0,0.0,0.0,0.0
2011-07-07 10:15:01,0.0784073402809,0,0,0.0,0.0,0.0
2011-07-07 11:15:01,0.086670795912,0,0,0.0,0.0,0.0
2011-07-07 12:15:01,0.102503419973,0,0,0.0,0.0,0.0
2011-07-07 13:15:01,0.0852712049509,0,0,0.0,0.0,0.0
2011-07-07 14:15:01,0.0683367370093,0,0,0.0,0.0,0.0
2011-07-07 15:15:01,0.0563112796741,0,0,0.0,0.0,0.0
2011-07-07 16:15:01,0.0704763164858,0,0,0.0,0.0,0.0
2011-07-07 17:15:01,0.0678766261016,0,0,0.0,0.0,0.0
2011-07-07 18:15:01,0.0658442265795,0,0,0.0,0.0,0.0
2011-07-07 19:15:01,0.0611635087719,0,0,0.0,0.0,0.0
2011-07-07 20:15:01,0.0645302819573,0,0,0.0,0.0,0.0
2011-07-07 21:15:01,0.0667261108634,0,0,0.0,0.0,0.0
2011-07-07 22:15:01,0.0552398111332,0,0,0.0,0.0,0.0
2011-07-07 23:15:01,0.0478588334742,0,0,0.0,0.0,0.0
2011-07-08 00:15:01,0.0637072619384,0,0,0.0,0.0,0.0
2011-07-08 01:15:01,0.066376573618,0,0,0.0,0.0,0.0
2011-07-08 02:15:01,0.061414960182,0,0,0.0,0.0,0.0
2011-07-08 03:15:01,0.0617544649557,0,0,0.0,0.0,0.0
2011-07-08 04:15:01,0.0611195668081,0,0,0.0,0.0,0.0
2011-07-08 05:15:01,0.0643648297552,0,0,0.0,0.0,0.0
2011-07-08 06:15:01,0.0666534914361,0,0,0.0,0.0,0.0
2011-07-08 07:15:01,0.0728132716049,0,0,0.0,0.0,0.0
2011-07-08 08:15:01,0.0764273761714,0,0,0.0,0.0,0.0
2011-07-08 09:15:01,0.0741566149722,0,0,0.0,0.0,0.0
2011-07-08 10:15:01,0.0712868155762,0,0,0.0,0.0,0.0
2011-07-08 11:15:01,0.0830849790545,0,0,0.0,0.0,0.0
2011-07-08 12:15:01,0.0932302405498,0,0,0.0,0.0,0.0
2011-07-08 13:15:01,0.0895762081784,0,0,0.0,0.0,0.0
2011-07-08 14:15:01,0.07121875,0,0,0.0,0.0,0.0
2011-07-08 15:15:01,0.0573521780691,0,0,0.0,0.0,0.0
2011-07-08 16:15:01,0.0699732949877,0,0,0.0,0.0,0.0
2011-07-08 17:15:01,0.0772384396797,0,0,0.0,0.0,0.0
2011-07-08 18:15:01,0.076780864582,0,0,0.0,0.0,0.0
2011-07-08 19:15:01,0.0742775571003,0,0,0.0,0.0,0.0
2011-07-08 20:15:01,0.0749819890368,0,0,0.0,0.0,0.0
2011-07-08 21:15:01,0.0754968454259,0,0,0.0,0.0,0.0
2011-07-08 22:15:01,0.0761179052995,0,0,0.0,0.0,0.0
2011-07-08 23:15:01,0.0508026496903,0,0,0.0,0.0,0.0
2011-07-09 00:15:01,0.0667441509434,0,0,0.0,0.0,0.0
2011-07-09 01:15:01,0.0735686988171,0,0,0.0,0.0,0.0
2011-07-09 02:15:01,0.0857067470788,0,0,0.0,0.0,0.0
2011-07-09 03:15:01,0.0666777793883,0,0,0.0,0.0,0.0
2011-07-09 04:15:01,0.0568429581615,0,0,0.0,0.0,0.0
2011-07-09 05:15:01,0.0772841193894,0,0,0.0,0.0,0.0
2011-07-09 06:15:01,0.0555066312997,0,0,0.0,0.0,0.0
2011-07-09 07:15:01,0.038695434855,0,0,0.0,0.0,0.0
2011-07-09 08:15:01,0.0493550058283,0,0,0.0,0.0,0.0
2011-07-09 09:15:01,0.0469143008756,0,0,0.0,0.0,0.0
2011-07-09 10:15:01,0.0457334437086,0,0,0.0,0.0,0.0
2011-07-09 11:15:01,0.0630428807037,0,0,0.0,0.0,0.0
2011-07-09 12:15:01,0.0786430155211,0,0,0.0,0.0,0.0
2011-07-09 13:15:01,0.0786018518519,0,0,0.0,0.0,0.0
2011-07-09 14:15:01,0.0662155097299,0,0,0.0,0.0,0.0
2011-07-09 15:15:01,0.0550208437552,0,0,0.0,0.0,0.0
2011-07-09 16:15:01,0.0400288663401,0,0,0.0,0.0,0.0
2011-07-09 17:15:01,0.0374027686223,0,0,0.0,0.0,0.0
2011-07-09 18:15:01,0.0478192217836,0,0,0.0,0.0,0.0
2011-07-09 19:15:01,0.0591650877858,0,0,0.0,0.0,0.0
2011-07-09 20:15:01,0.0443111035884,0,0,0.0,0.0,0.0
2011-07-09 21:15:01,0.0554494994549,0,0,0.0,0.0,0.0
2011-07-09 22:15:01,0.0613448041657,0,0,0.0,0.0,0.0
2011-07-09 23:15:01,0.0372097094177,0,0,0.0,0.0,0.0
2011-07-10 00:15:01,0.0632935364347,0,0,0.0,0.0,0.0
2011-07-10 01:15:01,0.087350605934,0,0,0.0,0.0,0.0
2011-07-10 02:15:01,0.0642878471185,0,0,0.0,0.0,0.0
2011-07-10 03:15:01,0.0596979865772,0,0,0.0,0.0,0.0
2011-07-10 04:15:01,0.0652292595897,0,0,0.0,0.0,0.0
2011-07-10 05:15:01,0.0622722682286,0,0,0.0,0.0,0.0
2011-07-10 06:15:01,0.0640045941807,0,0,0.0,0.0,0.0
2011-07-10 07:15:01,0.0602946143742,0,0,0.0,0.0,0.0
2011-07-10 08:15:01,0.0525394846218,0,0,0.0,0.0,0.0
2011-07-10 09:15:01,0.0444964650432,0,0,0.0,0.0,0.0
2011-07-10 10:15:01,0.045408505382,0,0,0.0,0.0,0.0
2011-07-10 11:15:01,0.0613743218807,0,0,0.0,0.0,0.0
2011-07-10 12:15:01,0.0754435671157,0,0,0.0,0.0,0.0
2011-07-10 13:15:01,0.0845905969361,0,0,0.0,0.0,0.0
2011-07-10 14:15:01,0.0671907827855,0,0,0.0,0.0,0.0
2011-07-10 15:15:01,0.0578053559765,0,0,0.0,0.0,0.0
2011-07-10 16:15:01,0.044450955414,0,0,0.0,0.0,0.0
2011-07-10 17:15:01,0.0358272099755,0,0,0.0,0.0,0.0
2011-07-10 18:15:01,0.0424230262745,0,0,0.0,0.0,0.0
2011-07-10 19:15:01,0.053262472885,0,0,0.0,0.0,0.0
2011-07-10 20:15:01,0.0472283308569,0,0,0.0,0.0,0.0
2011-07-10 21:15:01,0.0597539693892,0,0,0.0,0.0,0.0
2011-07-10 22:15:01,0.0542453144061,0,0,0.0,0.0,0.0
2011-07-10 23:15:01,0.0364967811159,0,0,0.0,0.0,0.0
2011-07-11 00:15:01,0.0338814059565,0,0,0.0,0.0,0.0
2011-07-11 01:15:01,0.0513731151748,0,0,0.0,0.0,0.0
2011-07-11 03:15:01,0.0672275475594,0,0,0.0,0.0,0.0
2011-07-11 04:15:01,0.0600718778077,0,0,0.0,0.0,0.0
2011-07-11 05:15:01,0.0555007991476,0,0,0.0,0.0,0.0
2011-07-11 06:15:01,0.0471302149178,0,0,0.0,0.0,0.0
2011-07-11 07:15:01,0.043181067694,0,0,0.0,0.0,0.0
2011-07-11 08:15:01,0.0315530629853,0,0,0.0,0.0,0.0
2011-07-11 09:15:01,0.0335329438494,0,0,0.0,0.0,0.0
2011-07-11 10:15:01,0.0360834635126,0,0,0.0,0.0,0.0
2011-07-11 11:15:01,0.0655546965597,0,0,0.0,0.0,0.0
2011-07-11 12:15:01,0.0838565996741,0,0,0.0,0.0,0.0
2011-07-11 13:15:01,0.0665198237885,0,0,0.0,0.0,0.0
2011-07-11 14:15:01,0.0572540250447,0,0,0.0,0.0,0.0
2011-07-11 15:15:01,0.0551635395538,0,0,0.0,0.0,0.0
2011-07-11 16:15:01,0.0412174902471,0,0,0.0,0.0,0.0
2011-07-11 17:15:01,0.0567138445703,0,0,0.0,0.0,0.0
2011-07-11 18:15:01,0.0613257475523,0,0,0.0,0.0,0.0
2011-07-11 19:15:01,0.0651244847486,0,0,0.0,0.0,0.0
2011-07-11 20:15:01,0.0589300712069,0,0,0.0,0.0,0.0
2011-07-11 21:15:01,0.0630748065348,0,0,0.0,0.0,0.0
2011-07-11 22:15:01,0.0652900278109,0,0,0.0,0.0,0.0
2011-07-11 23:15:01,0.0390532501451,0,0,0.0,0.0,0.0
2011-07-12 00:15:01,0.063332569858,0,0,0.0,0.0,0.0
2011-07-12 01:15:01,0.0969570200573,0,0,0.0,0.0,0.0
2011-07-12 02:15:01,0.0719423640508,0,0,0.0,0.0,0.0
2011-07-12 03:15:01,0.0622493157502,0,0,0.0,0.0,0.0
2011-07-12 04:15:01,0.0610825833774,0,0,0.0,0.0,0.0
2011-07-12 05:15:01,0.0649400218103,0,0,0.0,0.0,0.0
2011-07-12 06:15:01,0.0582255358807,0,0,0.0,0.0,0.0
2011-07-12 07:15:01,0.058090968373,0,0,0.0,0.0,0.0
2011-07-12 08:15:01,0.052081920904,0,0,0.0,0.0,0.0
2011-07-12 09:15:01,0.0460938967136,0,0,0.0,0.0,0.0
2011-07-12 10:15:01,0.0463457835965,0,0,0.0,0.0,0.0
2011-07-12 11:15:01,0.0595217391304,0,0,0.0,0.0,0.0
2011-07-12 12:15:01,0.075494106981,0,0,0.0,0.0,0.0
2011-07-12 13:15:01,0.0738899503248,0,0,0.0,0.0,0.0
2011-07-12 14:15:01,0.0599079234311,0,0,0.0,0.0,0.0
2011-07-12 15:15:01,0.052447418738,0,0,0.0,0.0,0.0
2011-07-12 16:15:01,0.0407055421687,0,0,0.0,0.0,0.0
2011-07-12 17:15:01,0.0350618921309,0,0,0.0,0.0,0.0
2011-07-12 18:15:01,0.0528214731586,0,0,0.0,0.0,0.0
2011-07-12 20:15:01,0.0485057345113,0,0,0.0,0.0,0.0
2011-07-12 21:15:01,0.0331155540816,0,0,0.0,0.0,0.0
2011-07-12 22:15:01,0.0391089521166,0,0,0.0,0.0,0.0
2011-07-12 23:15:01,0.0333943161634,0,0,0.0,0.0,0.0
2011-07-13 00:15:01,0.0251442407832,0,0,0.0,0.0,0.0
2011-07-13 01:15:01,0.0289293016249,0,0,0.0,0.0,0.0
2011-07-13 02:15:01,0.0300030129557,0,0,0.0,0.0,0.0
2011-07-13 03:15:01,0.0302059417648,0,0,0.0,0.0,0.0
2011-07-13 04:15:01,0.0327282434597,0,0,0.0,0.0,0.0
2011-07-13 05:15:01,0.0282313001306,0,0,0.0,0.0,0.0
2011-07-13 06:15:01,0.0295760689293,0,0,0.0,0.0,0.0
2011-07-13 07:15:01,0.0324097343725,0,0,0.0,0.0,0.0
2011-07-13 08:15:01,0.0360097937379,0,0,0.0,0.0,0.0
2011-07-13 09:15:01,0.0412524216524,0,0,0.0,0.0,0.0
2011-07-13 10:15:01,0.0506190208216,0,0,0.0,0.0,0.0
2011-07-13 11:15:01,0.0719276315789,0,0,0.0,0.0,0.0
2011-07-13 12:15:01,0.083331842576,0,0,0.0,0.0,0.0
2011-07-13 13:15:01,0.0715323166304,0,0,0.0,0.0,0.0
2011-07-13 14:15:01,0.0617527272727,0,0,0.0,0.0,0.0
2011-07-13 15:15:01,0.0516853759803,0,0,0.0,0.0,0.0
2011-07-13 16:15:01,0.0410467614857,0,0,0.0,0.0,0.0
2011-07-13 17:15:01,0.0376082084326,0,0,0.0,0.0,0.0
2011-07-13 18:15:01,0.0337847614741,0,0,0.0,0.0,0.0
2011-07-13 19:15:01,0.033836054288,0,0,0.0,0.0,0.0
2011-07-13 20:15:01,0.0326967461218,0,0,0.0,0.0,0.0
2011-07-13 21:15:01,0.0314170208834,0,0,0.0,0.0,0.0
2011-07-13 22:15:01,0.0313101845876,0,0,0.0,0.0,0.0
2011-07-13 23:15:01,0.0306917153478,0,0,0.0,0.0,0.0
2011-07-14 00:15:01,0.0431321548166,0,0,0.0,0.0,0.0
2011-07-14 01:15:01,0.0350433156133,0,0,0.0,0.0,0.0
2011-07-14 02:15:01,0.0420486522025,0,0,0.0,0.0,0.0
2011-07-14 03:15:01,0.0412377538829,0,0,0.0,0.0,0.0
2011-07-14 04:15:01,0.035213298791,0,0,0.0,0.0,0.0
2011-07-14 05:15:01,0.031395143974,0,0,0.0,0.0,0.0
2011-07-14 06:15:01,0.0304782906568,0,0,0.0,0.0,0.0
2011-07-14 07:15:01,0.0323409363745,0,0,0.0,0.0,0.0
2011-07-14 08:15:01,0.0370156446949,0,0,0.0,0.0,0.0
2011-07-14 09:15:01,0.0417389304198,0,0,0.0,0.0,0.0
2011-07-14 10:15:01,0.0482967347718,0,0,0.0,0.0,0.0
2011-07-14 11:15:01,0.0669106699752,0,0,0.0,0.0,0.0
2011-07-14 12:15:01,0.0789525959368,0,0,0.0,0.0,0.0
2011-07-14 13:15:01,0.0759500198334,0,0,0.0,0.0,0.0
2011-07-14 14:15:01,0.0631606872158,0,0,0.0,0.0,0.0
2011-07-14 15:15:01,0.0537167721519,0,0,0.0,0.0,0.0
2011-07-14 16:15:01,0.0432117559996,0,0,0.0,0.0,0.0
2011-07-14 17:15:01,0.0422133719527,0,0,0.0,0.0,0.0
2011-07-14 18:15:01,0.042435722928,0,0,0.0,0.0,0.0
2011-07-14 19:15:01,0.0470749422252,0,0,0.0,0.0,0.0
2011-07-14 20:15:01,0.0416718236318,0,0,0.0,0.0,0.0
2011-07-14 21:15:01,0.0394204425711,0,0,0.0,0.0,0.0
2011-07-14 22:15:01,0.0462425011537,0,0,0.0,0.0,0.0
2011-07-14 23:15:01,0.0381881212931,0,0,0.0,0.0,0.0
2011-07-15 00:15:01,0.0556358655568,0,0,0.0,0.0,0.0
2011-07-15 01:15:01,0.045894023104,0,0,0.0,0.0,0.0
2011-07-15 02:15:01,0.131775956284,0,0,0.0,0.0,0.0
2011-07-15 03:15:01,0.0391328717441,0,0,0.0,0.0,0.0
2011-07-15 04:15:01,0.0271941821339,0,0,0.0,0.0,0.0
2011-07-15 05:15:01,0.03087813289,0,0,0.0,0.0,0.0
2011-07-15 06:15:01,0.0322594419495,0,1,0.866128848212,0.866128848212,0.866128848212
2011-07-15 07:15:01,0.0413095944609,0,1,0.0,0.0,0.0
2011-07-15 08:15:01,0.0381267975491,0,1,0.0,0.0,0.0
2011-07-15 09:15:01,0.0428917007815,0,1,0.0,0.0,0.0
2011-07-15 10:15:01,0.0485964912281,0,1,0.0,0.0,0.0
2011-07-15 11:15:01,0.0600573215216,0,1,0.0,0.0,0.0
2011-07-15 12:15:01,0.0647957746479,0,1,0.0,0.0,0.0
2011-07-15 13:15:01,0.062403051494,0,1,0.0,0.0,0.0
2011-07-15 14:15:01,0.0524078834619,0,1,0.0,0.0,0.0
2011-07-15 15:15:01,0.044408770556,0,1,0.0,0.0,0.0
2011-07-15 16:15:01,0.0452419774501,0,1,0.0,0.0,0.0
2011-07-15 17:15:01,0.0426939492845,0,1,0.0,0.0,0.0
2011-07-15 18:15:01,0.0498892273608,0,1,0.0,0.0,0.0
2011-07-15 19:15:01,0.0557410026717,0,1,0.0,0.0,0.0
2011-07-15 20:15:01,0.0557856325129,0,1,0.0,0.0,0.0
2011-07-15 21:15:01,0.0425375987764,0,1,0.0,0.0,0.0
2011-07-15 22:15:01,0.0478263311615,0,1,0.0,0.0,0.0
2011-07-15 23:15:01,0.0468404653095,0,1,0.0,0.0,0.0
2011-07-16 00:15:01,0.0608383497284,0,1,0.0,0.0,0.0
2011-07-16 01:15:01,0.0730931174089,0,1,0.0,0.0,0.0
2011-07-16 02:15:01,0.0697018210927,0,1,0.0,0.0,0.0
2011-07-16 03:15:01,0.0639720791092,0,1,0.0,0.0,0.0
2011-07-16 04:15:01,0.0431026352288,0,1,0.0,0.0,0.0
2011-07-16 05:15:01,0.0413550659576,0,1,0.0,0.0,0.0
2011-07-16 06:15:01,0.0481598187622,0,1,0.0,0.0,0.0
2011-07-16 07:15:01,0.0543924674936,0,1,0.0,0.0,0.0
2011-07-16 08:15:01,0.0578137432188,0,1,0.0,0.0,0.0
2011-07-16 09:15:01,1.93784313725,1,1,0.0,0.0,0.0
2011-07-16 10:15:01,0.038647597254,0,1,0.0,0.0,0.0
2011-07-16 11:15:01,0.101948153967,0,1,0.0,0.0,0.0
2011-07-16 12:15:01,0.114157955865,0,1,0.0,0.0,0.0
2011-07-16 13:15:01,0.100932105869,0,1,0.0,0.0,0.0
2011-07-16 14:15:01,1.59741935484,0,1,0.0,0.0,0.0
2011-07-16 15:15:01,0.0660725308642,0,1,0.0,0.0,0.0
2011-07-16 16:15:01,0.0842711741185,0,1,0.0,0.0,0.0
2011-07-16 17:15:01,0.0713939224979,0,1,0.0,0.0,0.0
2011-07-16 18:15:01,0.0712054979721,0,1,0.0,0.0,0.0
2011-07-16 19:15:01,0.0896504339441,0,1,0.0,0.0,0.0
2011-07-16 20:15:01,0.0879521806509,0,1,0.0,0.0,0.0
2011-07-16 21:15:01,0.0772643039148,0,1,0.0,0.0,0.0
2011-07-16 22:15:01,0.0772879512832,0,1,0.0,0.0,0.0
2011-07-16 23:15:01,0.0734897484676,0,1,0.0,0.0,0.0
2011-07-17 00:15:01,0.0694432120674,0,1,0.0,0.0,0.0
2011-07-17 01:15:01,0.0732975650021,0,1,0.0,0.0,0.0
2011-07-17 02:15:01,0.0742428917787,0,1,0.0,0.0,0.0
2011-07-17 03:15:01,0.0656986899563,0,1,0.0,0.0,0.0
2011-07-17 04:15:01,0.0536935675035,0,1,0.0,0.0,0.0
2011-07-17 05:15:01,0.0507190098262,0,1,0.0,0.0,0.0
2011-07-17 06:15:01,0.0414018875344,0,1,0.0,0.0,0.0
2011-07-17 07:15:01,0.0455135237375,0,1,0.0,0.0,0.0
2011-07-17 08:15:01,0.0468159367797,0,1,0.0,0.0,0.0
2011-07-17 09:15:01,0.0655914512922,0,1,0.0,0.0,0.0
2011-07-17 10:15:01,0.0825370065789,0,1,0.0,0.0,0.0
2011-07-17 11:15:01,0.0910305572199,0,1,0.0,0.0,0.0
2011-07-17 12:15:01,0.114257322176,0,1,0.0,0.0,0.0
2011-07-17 13:15:01,0.112214912281,0,0,0.0,0.0,0.0
2011-07-17 14:15:01,0.0924362818591,0,0,0.0,0.0,0.0
2011-07-17 15:15:01,0.0758552925413,0,0,0.0,0.0,0.0
2011-07-17 16:15:01,0.0925827280065,0,0,0.0,0.0,0.0
2011-07-17 17:15:01,0.0547304849468,0,0,0.0,0.0,0.0
2011-07-17 18:15:01,0.0616500857633,0,0,0.0,0.0,0.0
2011-07-17 19:15:01,0.0601693889897,0,0,0.0,0.0,0.0
2011-07-17 20:15:01,0.0584011065007,0,0,0.0,0.0,0.0
2011-07-17 21:15:01,0.0569591728526,0,0,0.0,0.0,0.0
2011-07-17 22:15:01,0.0552234601101,0,0,0.0,0.0,0.0
2011-07-17 23:15:01,0.0532476993865,0,0,0.0,0.0,0.0
2011-07-18 00:15:01,0.0511177366151,0,0,0.0,0.0,0.0
2011-07-18 01:15:01,0.0508794587946,0,0,0.0,0.0,0.0
2011-07-18 02:15:01,0.0539327772326,0,0,0.0,0.0,0.0
2011-07-18 03:15:01,0.0536217008798,0,0,0.0,0.0,0.0
2011-07-18 04:15:01,0.0507437790539,0,0,0.0,0.0,0.0
2011-07-18 05:15:01,0.0490143635463,0,0,0.0,0.0,0.0
2011-07-18 06:15:01,0.0397487006682,0,0,0.0,0.0,0.0
2011-07-18 07:15:01,0.0404410927718,0,0,0.0,0.0,0.0
2011-07-18 08:15:01,0.0415917363502,0,0,0.0,0.0,0.0
2011-07-18 09:15:01,0.0603443328551,0,0,0.0,0.0,0.0
2011-07-18 10:15:01,0.0715884194053,0,0,0.0,0.0,0.0
2011-07-18 11:15:01,0.0877737881508,0,0,0.0,0.0,0.0
2011-07-18 12:15:01,0.0947762345679,0,0,0.0,0.0,0.0
2011-07-18 13:15:01,0.0879320318149,0,0,0.0,0.0,0.0
2011-07-18 14:15:01,0.0777162447257,0,0,0.0,0.0,0.0
2011-07-18 15:15:01,0.0668289473684,0,0,0.0,0.0,0.0
2011-07-18 16:15:01,0.0642373251748,0,0,0.0,0.0,0.0
2011-07-18 17:15:01,0.0584480519481,0,0,0.0,0.0,0.0
2011-07-18 18:15:01,0.06,0,0,0.0,0.0,0.0
2011-07-18 19:15:01,0.0605712774398,0,0,0.0,0.0,0.0
2011-07-18 20:15:01,0.0590967120318,0,0,0.0,0.0,0.0
2011-07-18 21:15:01,0.0459744221518,0,0,0.0,0.0,0.0
2011-07-18 22:15:01,0.0515062419788,0,0,0.0,0.0,0.0
2011-07-18 23:15:01,0.0463142194233,0,0,0.0,0.0,0.0
2011-07-19 00:15:01,0.0473622761279,0,0,0.0,0.0,0.0
2011-07-19 01:15:01,0.045375,0,0,0.0,0.0,0.0
2011-07-19 02:15:01,0.0396844383686,0,0,0.0,0.0,0.0
2011-07-19 03:15:01,0.0403008779718,0,0,0.0,0.0,0.0
2011-07-19 04:15:01,0.0381501386963,0,0,0.0,0.0,0.0
2011-07-19 05:15:01,0.030695004654,0,0,0.0,0.0,0.0
2011-07-19 06:15:01,0.0342612677754,0,0,0.0,0.0,0.0
2011-07-19 07:15:01,0.03791241014,0,0,0.0,0.0,0.0
2011-07-19 08:15:01,0.0456077860169,0,0,0.0,0.0,0.0
2011-07-19 09:15:01,0.0677010125074,0,0,0.0,0.0,0.0
2011-07-19 10:15:01,0.0818434460398,0,0,0.0,0.0,0.0
2011-07-19 11:15:01,0.0999277456647,0,0,0.0,0.0,0.0
2011-07-19 12:15:01,0.107100297915,0,0,0.0,0.0,0.0
2011-07-19 13:15:01,0.0923435114504,0,0,0.0,0.0,0.0
2011-07-19 14:15:01,0.0767829457364,0,0,0.0,0.0,0.0
2011-07-19 15:15:01,0.063772557031,0,0,0.0,0.0,0.0
2011-07-19 16:15:01,0.235018691589,0,0,0.0,0.0,0.0
2011-07-19 17:15:01,0.0471752331381,0,0,0.0,0.0,0.0
2011-07-19 18:15:01,0.0535730203536,0,0,0.0,0.0,0.0
2011-07-19 19:15:01,0.039657991552,0,0,0.0,0.0,0.0
2011-07-19 20:15:01,0.0486976104091,0,0,0.0,0.0,0.0
2011-07-19 21:15:01,0.0429491068419,0,0,0.0,0.0,0.0
2011-07-19 22:15:01,0.0444590082849,0,0,0.0,0.0,0.0
2011-07-19 23:15:01,0.0479899944414,0,0,0.0,0.0,0.0
2011-07-20 00:15:01,0.0424238534251,0,0,0.0,0.0,0.0
2011-07-20 01:15:01,0.049315943572,0,0,0.0,0.0,0.0
2011-07-20 02:15:01,0.0388231292517,0,0,0.0,0.0,0.0
2011-07-20 03:15:01,0.037174972645,0,0,0.0,0.0,0.0
2011-07-20 04:15:01,0.0355203101595,0,0,0.0,0.0,0.0
2011-07-20 05:15:01,0.0315649156018,0,0,0.0,0.0,0.0
2011-07-20 06:15:01,0.0309474859023,0,0,0.0,0.0,0.0
2011-07-20 07:15:01,0.0366960705694,0,0,0.0,0.0,0.0
2011-07-20 08:15:01,0.042247318612,0,0,0.0,0.0,0.0
2011-07-20 09:15:01,0.0583041112455,0,0,0.0,0.0,0.0
2011-07-20 10:15:01,0.076299765808,0,0,0.0,0.0,0.0
2011-07-20 11:15:01,0.0880397727273,0,0,0.0,0.0,0.0
2011-07-20 12:15:01,0.0977600749766,0,0,0.0,0.0,0.0
2011-07-20 13:15:01,0.0845054031588,0,0,0.0,0.0,0.0
2011-07-20 14:15:01,0.0679854096521,0,0,0.0,0.0,0.0
2011-07-20 15:15:01,0.0617786027675,0,0,0.0,0.0,0.0
2011-07-20 16:15:01,0.05906351414,0,0,0.0,0.0,0.0
2011-07-20 17:15:01,0.056198465108,0,0,0.0,0.0,0.0
2011-07-20 18:15:01,0.059090617482,0,0,0.0,0.0,0.0
2011-07-20 19:15:01,0.0766210045662,0,0,0.0,0.0,0.0
2011-07-20 20:15:01,0.0576640561707,0,0,0.0,0.0,0.0
2011-07-20 21:15:01,0.0344220110847,0,0,0.0,0.0,0.0
2011-07-20 22:15:01,0.0474282560706,0,0,0.0,0.0,0.0
2011-07-20 23:15:01,0.045215196264,0,0,0.0,0.0,0.0
2011-07-21 00:15:01,0.0400915170715,0,0,0.0,0.0,0.0
2011-07-21 01:15:01,0.041542074364,0,0,0.0,0.0,0.0
2011-07-21 02:15:01,0.0368634686347,0,0,0.0,0.0,0.0
2011-07-21 03:15:01,0.0372822151225,0,0,0.0,0.0,0.0
2011-07-21 04:15:01,0.0358078562164,0,0,0.0,0.0,0.0
2011-07-21 05:15:01,0.0310102351314,0,0,0.0,0.0,0.0
2011-07-21 06:15:01,0.0315941097411,0,0,0.0,0.0,0.0
2011-07-21 07:15:01,0.0335278849006,0,0,0.0,0.0,0.0
2011-07-21 08:15:01,0.0355121997532,0,0,0.0,0.0,0.0
2011-07-21 09:15:01,0.0439005474453,0,0,0.0,0.0,0.0
2011-07-21 10:15:01,0.0556720202874,0,0,0.0,0.0,0.0
2011-07-21 11:15:01,0.0739900071378,0,0,0.0,0.0,0.0
2011-07-21 12:15:01,0.0808708133971,0,0,0.0,0.0,0.0
2011-07-21 13:15:01,0.0716248037677,0,0,0.0,0.0,0.0
2011-07-21 14:15:01,0.0625039787798,0,0,0.0,0.0,0.0
2011-07-21 15:15:01,0.0554892367906,0,0,0.0,0.0,0.0
2011-07-21 16:15:01,0.0523418803419,0,0,0.0,0.0,0.0
2011-07-21 17:15:01,0.0475980225026,0,0,0.0,0.0,0.0
2011-07-21 18:15:01,0.0507907647908,0,0,0.0,0.0,0.0
2011-07-21 19:15:01,0.0486191840633,0,0,0.0,0.0,0.0
2011-07-21 20:15:01,0.0483627684964,0,0,0.0,0.0,0.0
2011-07-21 21:15:01,0.0409542978925,0,0,0.0,0.0,0.0
2011-07-21 22:15:01,0.0473804697747,0,0,0.0,0.0,0.0
2011-07-21 23:15:01,0.0512268156425,0,0,0.0,0.0,0.0
2011-07-22 00:15:01,0.0475224049915,0,0,0.0,0.0,0.0
2011-07-22 01:15:01,0.0433965317919,0,0,0.0,0.0,0.0
2011-07-22 02:15:01,0.04053599327,0,0,0.0,0.0,0.0
2011-07-22 03:15:01,0.0362654774397,0,0,0.0,0.0,0.0
2011-07-22 04:15:01,0.0365214089053,0,0,0.0,0.0,0.0
2011-07-22 05:15:01,0.033369706219,0,0,0.0,0.0,0.0
2011-07-22 06:15:01,0.0333413151593,0,0,0.0,0.0,0.0
2011-07-22 07:15:01,0.0339208392233,0,0,0.0,0.0,0.0
2011-07-22 08:15:01,0.0394050413307,0,0,0.0,0.0,0.0
2011-07-22 09:15:01,0.0477105723569,0,0,0.0,0.0,0.0
2011-07-22 10:15:01,0.0629134808853,0,0,0.0,0.0,0.0
2011-07-22 11:15:01,0.0780792478173,0,0,0.0,0.0,0.0
2011-07-22 12:15:01,1.40869565217,0,0,0.0,0.0,0.0
2011-07-22 13:15:01,0.0491944444444,0,0,0.0,0.0,0.0
2011-07-22 14:15:01,0.0783426028921,0,0,0.0,0.0,0.0
2011-07-22 15:15:01,0.066860551827,0,0,0.0,0.0,0.0
2011-07-22 16:15:01,1.41551136364,0,0,0.0,0.0,0.0
2011-07-22 17:15:01,0.0296156162184,0,0,0.0,0.0,0.0
2011-07-22 18:15:01,0.0522850646582,0,0,0.0,0.0,0.0
2011-07-22 19:15:01,0.053442666314,0,0,0.0,0.0,0.0
2011-07-22 20:15:01,0.0527020460358,0,0,0.0,0.0,0.0
2011-07-22 21:15:01,0.0499369722916,0,0,0.0,0.0,0.0
2011-07-22 22:15:01,0.0540406395736,0,0,0.0,0.0,0.0
2011-07-22 23:15:01,0.0551824059109,0,0,0.0,0.0,0.0
2011-07-23 00:15:01,0.0598174374862,0,0,0.0,0.0,0.0
2011-07-23 01:15:01,0.0655245317707,0,0,0.0,0.0,0.0
2011-07-23 02:15:01,0.0464872809497,0,0,0.0,0.0,0.0
2011-07-23 03:15:01,0.0362310278089,0,0,0.0,0.0,0.0
2011-07-23 04:15:01,0.044772169646,0,0,0.0,0.0,0.0
2011-07-23 05:15:01,0.0413574766355,0,0,0.0,0.0,0.0
2011-07-23 06:15:01,0.0368153788069,0,0,0.0,0.0,0.0
2011-07-23 07:15:01,0.0400717159349,0,0,0.0,0.0,0.0
2011-07-23 08:15:01,0.058751397094,0,0,0.0,0.0,0.0
2011-07-23 09:15:01,0.0501347948452,0,0,0.0,0.0,0.0
2011-07-23 10:15:01,0.0713851351351,0,0,0.0,0.0,0.0
2011-07-23 11:15:01,0.0578331332533,0,0,0.0,0.0,0.0
2011-07-23 12:15:01,0.081110100091,0,0,0.0,0.0,0.0
2011-07-23 13:15:01,0.104044616877,0,0,0.0,0.0,0.0
2011-07-23 14:15:01,0.0864030261348,0,0,0.0,0.0,0.0
2011-07-23 15:15:01,0.0748551890587,0,0,0.0,0.0,0.0
2011-07-23 16:15:01,0.0649575508104,0,0,0.0,0.0,0.0
2011-07-23 17:15:01,0.0568277837451,0,0,0.0,0.0,0.0
2011-07-23 18:15:01,0.0602324177483,0,0,0.0,0.0,0.0
2011-07-23 19:15:01,0.0657314517256,0,0,0.0,0.0,0.0
2011-07-23 20:15:01,0.0607005420054,0,0,0.0,0.0,0.0
2011-07-23 21:15:01,0.0495779892429,0,0,0.0,0.0,0.0
2011-07-23 22:15:01,0.0448656659336,0,0,0.0,0.0,0.0
2011-07-23 23:15:01,0.0548974916963,0,0,0.0,0.0,0.0
2011-07-24 00:15:01,0.0416805429864,0,0,0.0,0.0,0.0
2011-07-24 01:15:01,0.049109341958,0,0,0.0,0.0,0.0
2011-07-24 02:15:01,0.0466604731822,0,0,0.0,0.0,0.0
2011-07-24 03:15:01,0.0445666608422,0,0,0.0,0.0,0.0
2011-07-24 04:15:01,0.0392123582323,0,0,0.0,0.0,0.0
2011-07-24 05:15:01,0.0432502614151,0,0,0.0,0.0,0.0
2011-07-24 06:15:01,0.0422317596567,0,0,0.0,0.0,0.0
2011-07-24 07:15:01,0.0506168694922,0,0,0.0,0.0,0.0
2011-07-24 08:15:01,0.0571997011022,0,0,0.0,0.0,0.0
2011-07-24 09:15:01,0.0688215488215,0,0,0.0,0.0,0.0
2011-07-24 10:15:01,0.0784157259634,0,0,0.0,0.0,0.0
2011-07-24 11:15:01,0.0935054503729,0,0,0.0,0.0,0.0
2011-07-24 12:15:01,0.103796992481,0,0,0.0,0.0,0.0
2011-07-24 13:15:01,0.111472457627,0,0,0.0,0.0,0.0
2011-07-24 14:15:01,0.0916643356643,0,0,0.0,0.0,0.0
2011-07-24 15:15:01,0.0807935189032,0,0,0.0,0.0,0.0
2011-07-24 16:15:01,0.0678842371453,0,0,0.0,0.0,0.0
2011-07-24 17:15:01,0.0656017369727,0,0,0.0,0.0,0.0
2011-07-24 18:15:01,0.0631997174642,0,0,0.0,0.0,0.0
2011-07-24 19:15:01,0.0738093937739,0,0,0.0,0.0,0.0
2011-07-24 20:15:01,0.070237363388,0,0,0.0,0.0,0.0
2011-07-24 21:15:01,0.0399001409774,0,0,0.0,0.0,0.0
2011-07-24 22:15:01,0.0545811032223,0,0,0.0,0.0,0.0
2011-07-24 23:15:01,0.0505698371894,0,0,0.0,0.0,0.0
2011-07-25 00:15:01,0.04972251982,0,0,0.0,0.0,0.0
2011-07-25 01:15:01,0.0495342697223,0,0,0.0,0.0,0.0
2011-07-25 02:15:01,0.0586675824176,0,0,0.0,0.0,0.0
2011-07-25 03:15:01,0.0530035526722,0,0,0.0,0.0,0.0
2011-07-25 04:15:01,0.0440133072407,0,0,0.0,0.0,0.0
2011-07-25 05:15:01,0.0371011476482,0,0,0.0,0.0,0.0
2011-07-25 06:15:01,0.0345290051504,0,0,0.0,0.0,0.0
2011-07-25 07:15:01,0.0411537737625,0,0,0.0,0.0,0.0
2011-07-25 08:15:01,0.0441294849729,0,0,0.0,0.0,0.0
2011-07-25 09:15:01,0.0682762836186,0,0,0.0,0.0,0.0
2011-07-25 10:15:01,0.076005165734,0,0,0.0,0.0,0.0
2011-07-25 11:15:01,0.0929921819474,0,0,0.0,0.0,0.0
2011-07-25 12:15:01,0.101077625571,0,0,0.0,0.0,0.0
2011-07-25 13:15:01,0.0907153846154,0,0,0.0,0.0,0.0
2011-07-25 14:15:01,0.0730823786143,0,0,0.0,0.0,0.0
2011-07-25 15:15:01,0.0628337969402,0,0,0.0,0.0,0.0
2011-07-25 16:15:01,0.0550938019473,0,0,0.0,0.0,0.0
2011-07-25 17:15:01,0.0515226337449,0,0,0.0,0.0,0.0
2011-07-25 18:15:01,0.0517426589937,0,0,0.0,0.0,0.0
2011-07-25 19:15:01,0.0516077922078,0,0,0.0,0.0,0.0
2011-07-25 20:15:01,0.0507004678215,0,0,0.0,0.0,0.0
2011-07-25 21:15:01,0.0520060122558,0,0,0.0,0.0,0.0
2011-07-25 22:15:01,0.0537768333878,0,0,0.0,0.0,0.0
2011-07-25 23:15:01,0.0504095870372,0,0,0.0,0.0,0.0
2011-07-26 00:15:01,0.0529350348028,0,0,0.0,0.0,0.0
2011-07-26 01:15:01,0.0499762639449,0,0,0.0,0.0,0.0
2011-07-26 02:15:01,0.041455278182,0,0,0.0,0.0,0.0
2011-07-26 03:15:01,0.0395157508411,0,0,0.0,0.0,0.0
2011-07-26 04:15:01,0.0371883945841,0,0,0.0,0.0,0.0
2011-07-26 05:15:01,0.0329886357212,0,0,0.0,0.0,0.0
2011-07-26 06:15:01,0.0344495269127,0,0,0.0,0.0,0.0
2011-07-26 07:15:01,0.0372290351668,0,0,0.0,0.0,0.0
2011-07-26 08:15:01,0.043623273929,0,0,0.0,0.0,0.0
2011-07-26 09:15:01,0.0597807382737,0,0,0.0,0.0,0.0
2011-07-26 10:15:01,0.0722857142857,0,0,0.0,0.0,0.0
2011-07-26 11:15:01,0.0877300201478,0,0,0.0,0.0,0.0
2011-07-26 12:15:01,0.13183637946,0,0,0.0,0.0,0.0
2011-07-26 13:15:01,0.0837986270023,0,0,0.0,0.0,0.0
2011-07-26 14:15:01,0.0542478327384,0,0,0.0,0.0,0.0
2011-07-26 15:15:01,0.0675828590559,0,0,0.0,0.0,0.0
2011-07-26 16:15:01,0.0589281334314,0,0,0.0,0.0,0.0
2011-07-26 17:15:01,0.0562913907285,0,0,0.0,0.0,0.0
2011-07-26 18:15:01,0.0558104029824,0,0,0.0,0.0,0.0
2011-07-26 19:15:01,0.0579607972327,0,0,0.0,0.0,0.0
2011-07-26 20:15:01,0.0526894827317,0,0,0.0,0.0,0.0
2011-07-26 21:15:01,0.0496748797201,0,0,0.0,0.0,0.0
2011-07-26 22:15:01,0.0480572507992,0,0,0.0,0.0,0.0
2011-07-26 23:15:01,0.0465335915388,0,0,0.0,0.0,0.0
2011-07-27 00:15:01,0.0430261810736,0,0,0.0,0.0,0.0
2011-07-27 01:15:01,0.0396914146043,0,0,0.0,0.0,0.0
2011-07-27 02:15:01,0.0445037237644,0,0,0.0,0.0,0.0
2011-07-27 03:15:01,0.0421161904762,0,0,0.0,0.0,0.0
2011-07-27 04:15:01,0.0338776046227,0,0,0.0,0.0,0.0
2011-07-27 05:15:01,0.0304634451156,0,0,0.0,0.0,0.0
2011-07-27 06:15:01,0.0294352215367,0,0,0.0,0.0,0.0
2011-07-27 07:15:01,0.0344338303821,0,0,0.0,0.0,0.0
2011-07-27 08:15:01,0.0345459188885,0,0,0.0,0.0,0.0
2011-07-27 09:15:01,0.0526417370326,0,0,0.0,0.0,0.0
2011-07-27 10:15:01,0.060051072523,0,0,0.0,0.0,0.0
2011-07-27 11:15:01,0.0728835774865,0,0,0.0,0.0,0.0
2011-07-27 12:15:01,0.0773726273726,0,0,0.0,0.0,0.0
2011-07-27 13:15:01,0.0673840769904,0,0,0.0,0.0,0.0
2011-07-27 14:15:01,0.0600638977636,0,0,0.0,0.0,0.0
2011-07-27 15:15:01,0.0536456400742,0,0,0.0,0.0,0.0
2011-07-27 16:15:01,0.0510399032648,0,0,0.0,0.0,0.0
2011-07-27 17:15:01,0.0439063608418,0,0,0.0,0.0,0.0
2011-07-27 18:15:01,0.0491582559548,0,0,0.0,0.0,0.0
2011-07-27 19:15:01,0.0488071810806,0,0,0.0,0.0,0.0
2011-07-27 20:15:01,0.0430030911901,0,0,0.0,0.0,0.0
2011-07-27 21:15:01,0.0402395209581,0,0,0.0,0.0,0.0
2011-07-27 22:15:01,0.044276224744,0,0,0.0,0.0,0.0
2011-07-27 23:15:01,0.0529773700306,0,0,0.0,0.0,0.0
2011-07-28 00:15:01,0.0563119477526,0,0,0.0,0.0,0.0
2011-07-28 01:15:01,0.0556735685072,0,0,0.0,0.0,0.0
2011-07-28 02:15:01,0.0502845138055,0,0,0.0,0.0,0.0
2011-07-28 03:15:01,0.0489075890552,0,0,0.0,0.0,0.0
2011-07-28 04:15:01,0.0406076226179,0,0,0.0,0.0,0.0
2011-07-28 05:15:01,0.0390247844828,0,0,0.0,0.0,0.0
2011-07-28 06:15:01,0.0381394913987,0,0,0.0,0.0,0.0
2011-07-28 07:15:01,0.0447173680456,0,0,0.0,0.0,0.0
2011-07-28 08:15:01,0.0463651181744,0,0,0.0,0.0,0.0
2011-07-28 09:15:01,0.0626537555614,0,0,0.0,0.0,0.0
2011-07-28 10:15:01,0.0727224272243,0,0,0.0,0.0,0.0
2011-07-28 11:15:01,0.0862849533955,0,0,0.0,0.0,0.0
2011-07-28 12:15:01,0.0898278829604,0,0,0.0,0.0,0.0
2011-07-28 13:15:01,0.0802010827533,0,0,0.0,0.0,0.0
2011-07-28 14:15:01,0.0766177270256,0,0,0.0,0.0,0.0
2011-07-28 15:15:01,0.0718983957219,0,0,0.0,0.0,0.0
2011-07-28 16:15:01,0.0718861009304,0,0,0.0,0.0,0.0
2011-07-28 17:15:01,0.089,0,0,0.0,0.0,0.0
2011-07-28 18:15:01,0.0615586797066,0,0,0.0,0.0,0.0
2011-07-28 19:15:01,0.0617660420216,0,0,0.0,0.0,0.0
2011-07-28 20:15:01,0.0586635862804,0,0,0.0,0.0,0.0
2011-07-28 21:15:01,0.0541893583725,0,0,0.0,0.0,0.0
2011-07-28 22:15:01,0.0556064356436,0,0,0.0,0.0,0.0
2011-07-28 23:15:01,0.0574413464808,0,0,0.0,0.0,0.0
2011-07-29 00:15:01,0.0578951934756,0,0,0.0,0.0,0.0
2011-07-29 01:15:01,0.0560542119786,0,0,0.0,0.0,0.0
2011-07-29 02:15:01,0.0530259975816,0,0,0.0,0.0,0.0
2011-07-29 03:15:01,0.0572568866111,0,0,0.0,0.0,0.0
2011-07-29 04:15:01,0.0528725420516,0,0,0.0,0.0,0.0
2011-07-29 05:15:01,0.0477209443099,0,0,0.0,0.0,0.0
2011-07-29 06:15:01,0.0465127180512,0,0,0.0,0.0,0.0
2011-07-29 07:15:01,0.0471402444093,0,0,0.0,0.0,0.0
2011-07-29 08:15:01,0.04689453125,0,0,0.0,0.0,0.0
2011-07-29 09:15:01,0.0959969207082,0,0,0.0,0.0,0.0
2011-07-29 10:15:01,0.102263888889,0,0,0.0,0.0,0.0
2011-07-29 11:15:01,0.117564276049,0,0,0.0,0.0,0.0
2011-07-29 12:15:01,0.116575562701,0,0,0.0,0.0,0.0
2011-07-29 13:15:01,0.105710306407,0,0,0.0,0.0,0.0
2011-07-29 14:15:01,0.087907444668,0,0,0.0,0.0,0.0
2011-07-29 15:15:01,0.0829166666667,0,0,0.0,0.0,0.0
2011-07-29 16:15:01,0.0860542635659,0,0,0.0,0.0,0.0
2011-07-29 17:15:01,0.0961227661228,0,0,0.0,0.0,0.0
2011-07-29 18:15:01,0.108822724162,0,0,0.0,0.0,0.0
2011-07-29 19:15:01,0.108028759736,0,0,0.0,0.0,0.0
2011-07-29 20:15:01,0.115532527346,0,0,0.0,0.0,0.0
2011-07-29 21:15:01,0.0966733200266,0,0,0.0,0.0,0.0
2011-07-29 22:15:01,0.120914285714,0,0,0.0,0.0,0.0
2011-07-29 23:15:01,0.124646074646,0,0,0.0,0.0,0.0
2011-07-30 00:15:01,0.120184300341,0,0,0.0,0.0,0.0
2011-07-30 01:15:01,0.121677237491,0,0,0.0,0.0,0.0
2011-07-30 02:15:01,0.0962213740458,0,0,0.0,0.0,0.0
2011-07-30 03:15:01,0.0967009194159,0,0,0.0,0.0,0.0
2011-07-30 04:15:01,0.0957837301587,0,0,0.0,0.0,0.0
2011-07-30 05:15:01,0.0775151924375,0,0,0.0,0.0,0.0
2011-07-30 06:15:01,0.0686090225564,0,0,0.0,0.0,0.0
2011-07-30 07:15:01,0.0711646017699,0,0,0.0,0.0,0.0
2011-07-30 08:15:01,0.0684051186017,0,0,0.0,0.0,0.0
2011-07-30 09:15:01,0.0925690846287,0,0,0.0,0.0,0.0
2011-07-30 10:15:01,0.0869850187266,0,0,0.0,0.0,0.0
2011-07-30 11:15:01,0.151610915493,0,0,0.0,0.0,0.0
2011-07-30 12:15:01,0.130474406991,0,0,0.0,0.0,0.0
2011-07-30 13:15:01,0.0899594046008,0,0,0.0,0.0,0.0
2011-07-30 14:15:01,0.101433260394,0,0,0.0,0.0,0.0
2011-07-30 15:15:01,0.0908410493827,0,0,0.0,0.0,0.0
2011-07-30 16:15:01,0.0814595571622,0,0,0.0,0.0,0.0
2011-07-30 17:15:01,0.0717769642354,0,0,0.0,0.0,0.0
2011-07-30 18:15:01,0.0703105329417,0,0,0.0,0.0,0.0
2011-07-30 19:15:01,0.0700450531627,0,0,0.0,0.0,0.0
2011-07-30 20:15:01,0.0656592844974,0,0,0.0,0.0,0.0
2011-07-30 21:15:01,0.0567613636364,0,0,0.0,0.0,0.0
2011-07-30 22:15:01,0.055616316352,0,0,0.0,0.0,0.0
2011-07-30 23:15:01,0.0573557608506,0,0,0.0,0.0,0.0
2011-07-31 00:15:01,0.0554188034188,0,0,0.0,0.0,0.0
2011-07-31 01:15:01,0.060599459946,0,0,0.0,0.0,0.0
2011-07-31 02:15:01,0.121901823667,0,0,0.0,0.0,0.0
2011-07-31 03:15:01,0.0518305468971,0,0,0.0,0.0,0.0
2011-07-31 04:15:01,0.0495443037975,0,0,0.0,0.0,0.0
2011-07-31 05:15:01,0.0465316622691,0,0,0.0,0.0,0.0
2011-07-31 06:15:01,0.0770835952231,0,0,0.0,0.0,0.0
2011-07-31 07:15:01,0.0509983844911,0,0,0.0,0.0,0.0
2011-07-31 08:15:01,0.0455337989524,0,0,0.0,0.0,0.0
2011-07-31 09:15:01,0.0768563922942,0,0,0.0,0.0,0.0
2011-07-31 10:15:01,0.0528044871795,0,0,0.0,0.0,0.0
2011-07-31 11:15:01,0.0501369863014,0,0,0.0,0.0,0.0
2011-07-31 12:15:01,0.0927554980595,0,0,0.0,0.0,0.0
2011-07-31 13:15:01,0.105775729647,0,0,0.0,0.0,0.0
2011-07-31 14:15:01,0.0821421421421,0,0,0.0,0.0,0.0
2011-07-31 15:15:01,0.0736049192929,0,0,0.0,0.0,0.0
2011-07-31 16:15:01,0.0734527140459,0,0,0.0,0.0,0.0
2011-07-31 17:15:01,0.0654810855263,0,0,0.0,0.0,0.0
2011-07-31 18:15:01,0.0602654867257,0,0,0.0,0.0,0.0
2011-07-31 19:15:01,0.0604409257004,0,0,0.0,0.0,0.0
2011-07-31 20:15:01,0.0592365692743,0,0,0.0,0.0,0.0
2011-07-31 21:15:01,0.0527338291638,0,0,0.0,0.0,0.0
2011-07-31 22:15:01,0.0510289822512,0,0,0.0,0.0,0.0
2011-07-31 23:15:01,0.0493781697905,0,0,0.0,0.0,0.0
2011-08-01 00:15:01,0.0550198288458,0,0,0.0,0.0,0.0
2011-08-01 01:15:01,0.0405696202532,0,0,0.0,0.0,0.0
2011-08-01 02:15:01,0.105804347826,0,0,0.0,0.0,0.0
2011-08-01 03:15:01,0.123471528472,0,0,0.0,0.0,0.0
2011-08-01 04:15:01,0.129646539028,0,0,0.0,0.0,0.0
2011-08-01 05:15:01,0.141232511659,0,0,0.0,0.0,0.0
2011-08-01 06:15:01,0.132620578778,0,0,0.0,0.0,0.0
2011-08-01 07:15:01,0.139712441315,0,1,-1.0,-2.0,-1.0
2011-08-01 08:15:01,0.0424702226825,0,1,0.0,0.0,0.0
2011-08-01 09:15:01,0.057911341853,0,1,0.0,0.0,0.0
2011-08-01 10:15:01,0.0738152866242,0,1,0.0,0.0,0.0
2011-08-01 11:15:01,0.0857825203252,0,1,0.0,0.0,0.0
2011-08-01 12:15:01,0.0943673965937,0,1,0.0,0.0,0.0
2011-08-01 14:15:01,0.0469447004608,0,1,0.0,0.0,0.0
2011-08-01 15:15:01,0.0692014613779,0,1,0.0,0.0,0.0
2011-08-01 16:15:01,0.0591852919971,0,1,0.0,0.0,0.0
2011-08-01 17:15:01,0.068234508547,0,1,0.0,0.0,0.0
2011-08-01 18:15:01,0.123455852976,0,1,0.0,0.0,0.0
2011-08-01 19:15:01,0.125966895438,0,1,0.0,0.0,0.0
2011-08-01 21:15:01,0.0334392443109,0,1,0.0,0.0,0.0
2011-08-01 22:15:01,0.109475592748,0,1,0.0,0.0,0.0
2011-08-01 23:15:01,0.093735814798,0,1,0.0,0.0,0.0
2011-08-02 00:15:01,0.106262761956,0,1,0.0,0.0,0.0
2011-08-02 01:15:01,0.117629698664,0,1,0.0,0.0,0.0
2011-08-02 02:15:01,0.0884789035206,0,1,0.0,0.0,0.0
2011-08-02 03:15:01,0.100295823666,0,1,0.0,0.0,0.0
2011-08-02 04:15:01,0.100527689185,0,1,0.0,0.0,0.0
2011-08-02 05:15:01,0.0976157662624,0,1,0.0,0.0,0.0
2011-08-02 06:15:01,0.0975684454756,0,1,0.0,0.0,0.0
2011-08-02 07:15:01,0.102861783816,0,1,0.0,0.0,0.0
2011-08-02 08:15:01,0.140765933124,0,1,0.0,0.0,0.0
2011-08-02 09:15:01,0.129105928086,0,1,0.0,0.0,0.0
2011-08-02 10:15:01,0.108981972428,0,1,0.0,0.0,0.0
2011-08-02 11:15:01,0.145963149079,0,1,0.0,0.0,0.0
2011-08-02 12:15:01,0.239966555184,0,1,0.0,0.0,0.0
2011-08-02 13:15:01,0.128840436075,0,1,0.0,0.0,0.0
2011-08-02 14:15:01,0.0688613861386,0,1,0.0,0.0,0.0
2011-08-02 15:15:01,0.0899664107486,0,1,0.0,0.0,0.0
2011-08-02 16:15:01,0.0781109643329,0,1,0.0,0.0,0.0
2011-08-02 17:15:01,0.0640669856459,0,1,0.0,0.0,0.0
2011-08-02 18:15:01,0.220063532402,0,1,0.0,0.0,0.0
2011-08-02 19:15:01,0.114847099171,0,1,0.0,0.0,0.0
2011-08-02 20:15:01,0.0704839899661,0,1,0.0,0.0,0.0
2011-08-02 21:15:01,0.0817299162149,0,1,0.0,0.0,0.0
2011-08-02 22:15:01,0.0945861997082,0,1,0.0,0.0,0.0
2011-08-02 23:15:01,0.311372074253,0,1,0.0,0.0,0.0
2011-08-03 00:15:01,0.234288593309,0,1,0.0,0.0,0.0
2011-08-03 01:15:01,0.0980540149506,0,1,0.0,0.0,0.0
2011-08-03 02:15:01,0.163368689011,0,1,0.0,0.0,0.0
2011-08-03 03:15:01,0.171937931034,0,1,0.0,0.0,0.0
2011-08-03 04:15:01,0.1372858473,0,1,0.0,0.0,0.0
2011-08-03 05:15:01,0.113698879917,0,1,0.0,0.0,0.0
2011-08-03 06:15:01,0.089701863354,0,1,0.0,0.0,0.0
2011-08-03 07:15:01,0.0879668141593,0,1,0.0,0.0,0.0
2011-08-03 08:15:01,0.0915083308974,0,1,0.0,0.0,0.0
2011-08-03 09:15:01,0.141965748325,0,1,0.0,0.0,0.0
2011-08-03 10:15:01,0.0512468468468,0,1,0.0,0.0,0.0
2011-08-03 11:15:01,0.111781818182,0,1,0.0,0.0,0.0
2011-08-03 12:15:01,0.0857021677663,0,1,0.0,0.0,0.0
2011-08-03 13:15:01,0.0546564102564,0,1,0.0,0.0,0.0
2011-08-03 14:15:01,0.0685790725327,0,1,0.0,0.0,0.0
2011-08-03 15:15:01,0.0590366088632,0,1,0.0,0.0,0.0
2011-08-03 16:15:01,0.0523169142559,0,0,0.0,0.0,0.0
2011-08-03 17:15:01,0.0549882684186,0,0,0.0,0.0,0.0
2011-08-03 18:15:01,0.104113973458,0,0,0.0,0.0,0.0
2011-08-03 19:15:01,0.0982946428571,0,0,0.0,0.0,0.0
2011-08-03 20:15:01,0.0562952979934,0,0,0.0,0.0,0.0
2011-08-03 21:15:01,0.0669968051118,0,0,0.0,0.0,0.0
2011-08-03 22:15:01,0.101325804076,0,0,0.0,0.0,0.0
2011-08-03 23:15:01,0.0954598155468,0,0,0.0,0.0,0.0
2011-08-04 00:15:01,0.122438948028,0,0,0.0,0.0,0.0
2011-08-04 01:15:01,0.122290791599,0,0,0.0,0.0,0.0
2011-08-04 02:15:01,0.0846762395015,0,0,0.0,0.0,0.0
2011-08-04 03:15:01,0.106301330249,0,0,0.0,0.0,0.0
2011-08-04 04:15:01,0.111725165563,0,0,0.0,0.0,0.0
2011-08-04 05:15:01,0.116211926212,0,0,0.0,0.0,0.0
2011-08-04 06:15:01,0.112324251598,0,0,0.0,0.0,0.0
2011-08-04 07:15:01,0.0959293917482,0,0,0.0,0.0,0.0
2011-08-04 08:15:01,0.109967845659,0,0,0.0,0.0,0.0
2011-08-04 09:15:01,0.0869495213229,0,0,0.0,0.0,0.0
2011-08-04 10:15:01,0.0772389283762,0,0,0.0,0.0,0.0
2011-08-04 11:15:01,0.0939022498061,0,0,0.0,0.0,0.0
2011-08-04 12:15:01,0.0973532338308,0,0,0.0,0.0,0.0
2011-08-04 13:15:01,0.0913584574934,0,0,0.0,0.0,0.0
2011-08-04 14:15:01,0.25043715847,0,0,0.0,0.0,0.0
2011-08-04 15:15:01,0.0428835978836,0,0,0.0,0.0,0.0
2011-08-04 16:15:01,0.0646289308176,0,0,0.0,0.0,0.0
2011-08-04 17:15:01,0.0574277539342,0,0,0.0,0.0,0.0
2011-08-04 18:15:01,0.0961915956509,0,0,0.0,0.0,0.0
2011-08-04 19:15:01,0.102134831461,0,0,0.0,0.0,0.0
2011-08-04 20:15:01,0.0560319741333,0,0,0.0,0.0,0.0
2011-08-04 21:15:01,0.0669851052902,0,0,0.0,0.0,0.0
2011-08-04 22:15:01,0.0969773299748,0,0,0.0,0.0,0.0
2011-08-04 23:15:01,0.0925453857791,0,0,0.0,0.0,0.0
2011-08-05 00:15:01,0.118713163065,0,0,0.0,0.0,0.0
2011-08-05 01:15:01,0.139657338664,0,0,0.0,0.0,0.0
2011-08-05 02:15:01,0.0834807149577,0,0,0.0,0.0,0.0
2011-08-05 03:15:01,0.0924907063197,0,0,0.0,0.0,0.0
2011-08-05 04:15:01,0.0971385542169,0,0,0.0,0.0,0.0
2011-08-05 05:15:01,0.100891600188,0,0,0.0,0.0,0.0
2011-08-05 06:15:01,0.0942962252079,0,0,0.0,0.0,0.0
2011-08-05 07:15:01,0.0938183730715,0,0,0.0,0.0,0.0
2011-08-05 08:15:01,0.083141922047,0,0,0.0,0.0,0.0
2011-08-05 09:15:01,0.0713818860878,0,0,0.0,0.0,0.0
2011-08-05 10:15:01,0.0659647188534,0,0,0.0,0.0,0.0
2011-08-05 11:15:01,0.0744382022472,0,0,0.0,0.0,0.0
2011-08-05 12:15:01,0.0749755142018,0,0,0.0,0.0,0.0
2011-08-05 13:15:01,0.0671464435146,0,0,0.0,0.0,0.0
2011-08-05 14:15:01,0.0670625,0,0,0.0,0.0,0.0
2011-08-05 15:15:01,0.0572193777078,0,0,0.0,0.0,0.0
2011-08-05 16:15:01,0.0557511210762,0,0,0.0,0.0,0.0
2011-08-05 17:15:01,0.0631071529545,0,0,0.0,0.0,0.0
2011-08-05 18:15:01,0.086354077863,0,0,0.0,0.0,0.0
2011-08-05 19:15:01,0.0872901520159,0,0,0.0,0.0,0.0
2011-08-05 20:15:01,0.0510227402583,0,0,0.0,0.0,0.0
2011-08-05 21:15:01,0.0617386506936,0,0,0.0,0.0,0.0
2011-08-05 22:15:01,0.0907938257993,0,0,0.0,0.0,0.0
2011-08-05 23:15:01,0.0935930735931,0,0,0.0,0.0,0.0
2011-08-06 00:15:01,0.099806891329,0,0,0.0,0.0,0.0
2011-08-06 01:15:01,0.0667600869775,0,0,0.0,0.0,0.0
2011-08-06 02:15:01,0.0742247658689,0,0,0.0,0.0,0.0
2011-08-06 03:15:01,0.0807384987893,0,0,0.0,0.0,0.0
2011-08-06 04:15:01,0.0866872427984,0,0,0.0,0.0,0.0
2011-08-06 05:15:01,0.0916549295775,0,0,0.0,0.0,0.0
2011-08-06 06:15:01,0.0917531258313,0,0,0.0,0.0,0.0
2011-08-06 07:15:01,0.101813543599,0,0,0.0,0.0,0.0
2011-08-06 08:15:01,0.0959988839286,0,0,0.0,0.0,0.0
2011-08-06 09:15:01,0.117270916335,0,0,0.0,0.0,0.0
2011-08-06 10:15:01,0.133966005666,0,0,0.0,0.0,0.0
2011-08-06 11:15:01,0.14286259542,0,0,0.0,0.0,0.0
2011-08-06 12:15:01,0.1058698941,0,0,0.0,0.0,0.0
2011-08-06 13:15:01,0.10536351166,0,0,0.0,0.0,0.0
2011-08-06 14:15:01,0.0882987141444,0,0,0.0,0.0,0.0
2011-08-06 15:15:01,0.0741804320203,0,0,0.0,0.0,0.0
2011-08-06 16:15:01,0.0913722025913,0,0,0.0,0.0,0.0
2011-08-06 17:15:01,0.055386205115,0,0,0.0,0.0,0.0
2011-08-06 18:15:01,0.0926054750403,0,0,0.0,0.0,0.0
2011-08-06 19:15:01,0.0866242990654,0,0,0.0,0.0,0.0
2011-08-06 20:15:01,0.0527211621856,0,0,0.0,0.0,0.0
2011-08-06 21:15:01,0.0743679561377,0,0,0.0,0.0,0.0
2011-08-06 22:15:01,0.0935502434706,0,0,0.0,0.0,0.0
2011-08-06 23:15:01,0.0938611111111,0,0,0.0,0.0,0.0
2011-08-07 00:15:01,0.111477088949,0,0,0.0,0.0,0.0
2011-08-07 01:15:01,0.111701408451,0,0,0.0,0.0,0.0
2011-08-07 02:15:01,0.136211369706,0,0,0.0,0.0,0.0
2011-08-07 03:15:01,0.0996892062159,0,0,0.0,0.0,0.0
2011-08-07 04:15:01,0.0940372046254,0,0,0.0,0.0,0.0
2011-08-07 05:15:01,0.0977255639098,0,0,0.0,0.0,0.0
2011-08-07 06:15:01,0.0987210648148,0,0,0.0,0.0,0.0
2011-08-07 07:15:01,0.0938536306461,0,0,0.0,0.0,0.0
2011-08-07 08:15:01,0.0963344947735,0,0,0.0,0.0,0.0
2011-08-07 09:15:01,0.083353437877,0,0,0.0,0.0,0.0
2011-08-07 10:15:01,0.177392795883,0,0,0.0,0.0,0.0
2011-08-07 11:15:01,0.0497205142538,0,0,0.0,0.0,0.0
2011-08-07 12:15:01,0.0979714285714,0,0,0.0,0.0,0.0
2011-08-07 13:15:01,0.0962363919129,0,0,0.0,0.0,0.0
2011-08-07 14:15:01,0.0865274463007,0,0,0.0,0.0,0.0
2011-08-07 15:15:01,0.0687751937984,0,0,0.0,0.0,0.0
2011-08-07 16:15:01,0.0591446983011,0,0,0.0,0.0,0.0
2011-08-07 17:15:01,0.0667165419784,0,0,0.0,0.0,0.0
2011-08-07 18:15:01,0.0793987621574,0,0,0.0,0.0,0.0
2011-08-07 19:15:01,0.0782859641452,0,0,0.0,0.0,0.0
2011-08-07 20:15:01,0.0532592413626,0,0,0.0,0.0,0.0
2011-08-07 21:15:01,0.0710308529946,0,0,0.0,0.0,0.0
2011-08-07 22:15:01,0.0869322709163,0,0,0.0,0.0,0.0
2011-08-07 23:15:01,0.0904001759015,0,0,0.0,0.0,0.0
2011-08-08 00:15:01,0.123440251572,0,0,0.0,0.0,0.0
2011-08-08 01:15:01,0.233134328358,0,0,0.0,0.0,0.0
2011-08-08 02:15:01,0.0879245283019,0,0,0.0,0.0,0.0
2011-08-08 03:15:01,0.101437410757,0,0,0.0,0.0,0.0
2011-08-08 04:15:01,0.100918854415,0,0,0.0,0.0,0.0
2011-08-08 05:15:01,0.103345339937,0,0,0.0,0.0,0.0
2011-08-08 06:15:01,0.0927337431252,0,0,0.0,0.0,0.0
2011-08-08 07:15:01,0.0964,0,0,0.0,0.0,0.0
2011-08-08 08:15:01,0.0891076003416,0,0,0.0,0.0,0.0
2011-08-08 09:15:01,0.0759894304169,0,0,0.0,0.0,0.0
2011-08-08 10:15:01,0.0858486055777,0,0,0.0,0.0,0.0
2011-08-08 11:15:01,0.0998020954598,0,0,0.0,0.0,0.0
2011-08-08 12:15:01,0.10511821975,0,0,0.0,0.0,0.0
2011-08-08 13:15:01,0.100222513089,0,0,0.0,0.0,0.0
2011-08-08 14:15:01,0.0861359570662,0,0,0.0,0.0,0.0
2011-08-08 15:15:01,0.0723490378235,0,0,0.0,0.0,0.0
2011-08-08 16:15:01,0.0687341772152,0,0,0.0,0.0,0.0
2011-08-08 17:15:01,0.0586438607208,0,0,0.0,0.0,0.0
2011-08-08 18:15:01,0.0705466448445,0,0,0.0,0.0,0.0
2011-08-08 19:15:01,0.0974271278663,0,0,0.0,0.0,0.0
2011-08-08 20:15:01,0.0637218116354,0,0,0.0,0.0,0.0
2011-08-08 21:15:01,0.0499069117989,0,0,0.0,0.0,0.0
2011-08-08 22:15:01,0.0557741801577,0,0,0.0,0.0,0.0
2011-08-08 23:15:01,0.077714184145,0,0,0.0,0.0,0.0
2011-08-09 00:15:01,0.0944986072423,0,0,0.0,0.0,0.0
2011-08-09 01:15:01,0.0986557539683,0,0,0.0,0.0,0.0
2011-08-09 02:15:01,0.0859920318725,0,0,0.0,0.0,0.0
2011-08-09 03:15:01,0.0947138740222,0,0,0.0,0.0,0.0
2011-08-09 04:15:01,0.0800303234501,0,0,0.0,0.0,0.0
2011-08-09 05:15:01,0.0938456486043,0,0,0.0,0.0,0.0
2011-08-09 06:15:01,0.115155251142,0,0,0.0,0.0,0.0
2011-08-09 07:15:01,0.106351152526,0,0,0.0,0.0,0.0
2011-08-09 08:15:01,0.100244755245,0,0,0.0,0.0,0.0
2011-08-09 09:15:01,0.129435382685,0,0,0.0,0.0,0.0
2011-08-09 10:15:01,0.0486094316808,0,0,0.0,0.0,0.0
2011-08-09 11:15:01,0.0791089108911,0,0,0.0,0.0,0.0
2011-08-09 12:15:01,0.0813043478261,0,0,0.0,0.0,0.0
2011-08-09 13:15:01,0.0769640787949,0,0,0.0,0.0,0.0
2011-08-09 14:15:01,0.0713676731794,0,0,0.0,0.0,0.0
2011-08-09 15:15:01,0.0599360613811,0,0,0.0,0.0,0.0
2011-08-09 16:15:01,0.0617434961205,0,0,0.0,0.0,0.0
2011-08-09 17:15:01,0.0531718464351,0,0,0.0,0.0,0.0
2011-08-09 18:15:01,0.0643284993695,0,0,0.0,0.0,0.0
2011-08-09 19:15:01,0.0480204223718,0,0,0.0,0.0,0.0
2011-08-09 20:15:01,0.0495615949216,0,0,0.0,0.0,0.0
2011-08-09 21:15:01,0.043517424088,0,0,0.0,0.0,0.0
2011-08-09 22:15:01,0.0407210300429,0,0,0.0,0.0,0.0
2011-08-09 23:15:01,0.0392794987818,0,0,0.0,0.0,0.0
2011-08-10 00:15:01,0.0391465567981,0,0,0.0,0.0,0.0
2011-08-10 01:15:01,0.058012081274,0,0,0.0,0.0,0.0
2011-08-10 02:15:01,0.0745677766566,0,0,0.0,0.0,0.0
2011-08-10 03:15:01,0.0757795591182,0,0,0.0,0.0,0.0
2011-08-10 04:15:01,0.0791595441595,0,0,0.0,0.0,0.0
2011-08-10 05:15:01,0.0899501246883,0,0,0.0,0.0,0.0
2011-08-10 06:15:01,0.0563836637858,0,0,0.0,0.0,0.0
2011-08-10 07:15:01,0.0939989837398,0,0,0.0,0.0,0.0
2011-08-10 08:15:01,0.0601573426573,0,0,0.0,0.0,0.0
2011-08-10 09:15:01,0.0596034985423,0,0,0.0,0.0,0.0
2011-08-10 10:15:01,0.0711275720165,0,0,0.0,0.0,0.0
2011-08-10 11:15:01,0.0769673055242,0,0,0.0,0.0,0.0
2011-08-10 12:15:01,0.0786202185792,0,0,0.0,0.0,0.0
2011-08-10 13:15:01,0.0741212121212,0,0,0.0,0.0,0.0
2011-08-10 14:15:01,0.0663563563564,0,0,0.0,0.0,0.0
2011-08-10 15:15:01,0.0648487140696,0,0,0.0,0.0,0.0
2011-08-10 16:15:01,0.0589635535308,0,0,0.0,0.0,0.0
2011-08-10 17:15:01,0.0567252336449,0,0,0.0,0.0,0.0
2011-08-10 18:15:01,0.049443978765,0,0,0.0,0.0,0.0
2011-08-10 19:15:01,0.0513661616162,0,0,0.0,0.0,0.0
2011-08-10 20:15:01,0.0501507537688,0,0,0.0,0.0,0.0
2011-08-10 21:15:01,0.0451275793211,0,0,0.0,0.0,0.0
2011-08-10 22:15:01,0.0462825130052,0,0,0.0,0.0,0.0
2011-08-10 23:15:01,0.0421419472247,0,0,0.0,0.0,0.0
2011-08-11 00:15:01,0.0426897304036,0,0,0.0,0.0,0.0
2011-08-11 01:15:01,0.0511433375368,0,0,0.0,0.0,0.0
2011-08-11 02:15:01,0.0988474488474,0,0,0.0,0.0,0.0
2011-08-11 03:15:01,0.0766124741354,0,0,0.0,0.0,0.0
2011-08-11 04:15:01,0.0737386325362,0,0,0.0,0.0,0.0
2011-08-11 05:15:01,0.0840131819846,0,0,0.0,0.0,0.0
2011-08-11 06:15:01,0.0793949930459,0,0,0.0,0.0,0.0
2011-08-11 07:15:01,0.0717555555556,0,0,0.0,0.0,0.0
2011-08-11 08:15:01,0.0534581201185,0,0,0.0,0.0,0.0
2011-08-11 09:15:01,0.0611833626245,0,0,0.0,0.0,0.0
2011-08-11 10:15:01,0.0681619937695,0,0,0.0,0.0,0.0
2011-08-11 11:15:01,0.0833407821229,0,0,0.0,0.0,0.0
2011-08-11 12:15:01,0.0808367071525,0,0,0.0,0.0,0.0
2011-08-11 13:15:01,0.0779654120041,0,0,0.0,0.0,0.0
2011-08-11 14:15:01,0.0696147403685,0,0,0.0,0.0,0.0
2011-08-11 15:15:01,0.0629262802476,0,0,0.0,0.0,0.0
2011-08-11 16:15:01,0.0567993630573,0,0,0.0,0.0,0.0
2011-08-11 17:15:01,0.0564024991779,0,0,0.0,0.0,0.0
2011-08-11 18:15:01,0.0552805648458,0,0,0.0,0.0,0.0
2011-08-11 19:15:01,0.07031111,0,0,0.0,0.0,0.0
2011-08-11 20:15:01,0.05356197,0,0,0.0,0.0,0.0
2011-08-11 21:15:01,0.04034694,0,0,0.0,0.0,0.0
2011-08-11 22:15:01,0.04469436,0,0,0.0,0.0,0.0
2011-08-11 23:15:01,0.04187571,0,0,0.0,0.0,0.0
2011-08-12 00:15:01,0.05002939,0,0,0.0,0.0,0.0
2011-08-12 01:15:01,0.04794842,0,0,0.0,0.0,0.0
2011-08-12 02:15:01,0.0514487,0,0,0.0,0.0,0.0
2011-08-12 03:15:01,0.03967012,0,0,0.0,0.0,0.0
2011-08-12 04:15:01,0.03617267,0,0,0.0,0.0,0.0
2011-08-12 05:15:01,0.03089582,0,0,0.0,0.0,0.0
2011-08-12 06:15:01,0.0353635,0,0,0.0,0.0,0.0
2011-08-12 07:15:01,0.03379227,0,0,0.0,0.0,0.0
2011-08-12 08:15:01,0.04165472,0,0,0.0,0.0,0.0
2011-08-12 09:15:01,0.1465045,0,0,0.0,0.0,0.0
2011-08-12 10:15:01,0.04496087,0,0,0.0,0.0,0.0
2011-08-12 11:15:01,0.125354,0,0,0.0,0.0,0.0
2011-08-12 12:15:01,0.100754,0,0,0.0,0.0,0.0
2011-08-12 13:15:01,0.1002661,0,0,0.0,0.0,0.0
2011-08-12 14:15:01,0.07915123,0,0,0.0,0.0,0.0
2011-08-12 15:15:01,0.07743757,0,0,0.0,0.0,0.0
2011-08-12 16:15:01,0.0605776,0,0,0.0,0.0,0.0
2011-08-12 17:15:01,0.06021209,0,0,0.0,0.0,0.0
2011-08-12 18:15:01,0.06015099,0,0,0.0,0.0,0.0
2011-08-12 19:15:01,0.08417521,0,0,0.0,0.0,0.0
2011-08-12 20:15:01,0.09322483,0,0,0.0,0.0,0.0
2011-08-12 21:15:01,0.08370454,0,0,0.0,0.0,0.0
2011-08-12 22:15:01,0.09977337,0,0,0.0,0.0,0.0
2011-08-12 23:15:01,0.1004695,0,0,0.0,0.0,0.0
2011-08-13 00:15:01,0.08658288,0,0,0.0,0.0,0.0
2011-08-13 01:15:01,0.07451337,0,0,0.0,0.0,0.0
2011-08-13 02:15:01,0.04087013,0,0,0.0,0.0,0.0
2011-08-13 03:15:01,0.03061311,0,0,0.0,0.0,0.0
2011-08-13 04:15:01,0.03345666,0,0,0.0,0.0,0.0
2011-08-13 05:15:01,0.02972275,0,0,0.0,0.0,0.0
2011-08-13 06:15:01,0.03565421,0,0,0.0,0.0,0.0
2011-08-13 07:15:01,0.04715374,0,0,0.0,0.0,0.0
2011-08-13 08:15:01,0.06699472,0,0,0.0,0.0,0.0
2011-08-13 09:15:01,0.08231783,0,0,0.0,0.0,0.0
2011-08-13 10:15:01,0.08780358,0,0,0.0,0.0,0.0
2011-08-13 11:15:01,0.1049373,0,0,0.0,0.0,0.0
2011-08-13 12:15:01,0.1087875,0,0,0.0,0.0,0.0
2011-08-13 13:15:01,0.1010253,0,0,0.0,0.0,0.0
2011-08-13 14:15:01,0.115072,0,0,0.0,0.0,0.0
2011-08-13 15:15:01,0.09428926,0,0,0.0,0.0,0.0
2011-08-13 16:15:01,0.08329235,0,0,0.0,0.0,0.0
2011-08-13 17:15:01,0.07478245,0,0,0.0,0.0,0.0
2011-08-13 18:15:01,0.08639628,0,0,0.0,0.0,0.0
2011-08-13 19:15:01,0.0903199,0,0,0.0,0.0,0.0
2011-08-13 20:15:01,0.09169289,0,0,0.0,0.0,0.0
2011-08-13 21:15:01,0.09448366,0,0,0.0,0.0,0.0
2011-08-13 22:15:01,0.09135903,0,0,0.0,0.0,0.0
2011-08-13 23:15:01,0.09126926,0,0,0.0,0.0,0.0
2011-08-14 00:15:01,0.0895435,0,0,0.0,0.0,0.0
2011-08-14 01:15:01,0.09472859,0,0,0.0,0.0,0.0
2011-08-14 02:15:01,0.04402713,0,0,0.0,0.0,0.0
2011-08-14 03:15:01,0.03566387,0,0,0.0,0.0,0.0
2011-08-14 04:15:01,0.0345265,0,0,0.0,0.0,0.0
2011-08-14 05:15:01,0.03725907,0,0,0.0,0.0,0.0
2011-08-14 06:15:01,0.03649571,0,0,0.0,0.0,0.0
2011-08-14 07:15:01,0.04639117,0,0,0.0,0.0,0.0
2011-08-14 08:15:01,0.04613325,0,0,0.0,0.0,0.0
2011-08-14 09:15:01,0.06904182,0,0,0.0,0.0,0.0
2011-08-14 10:15:01,0.08377677,0,0,0.0,0.0,0.0
2011-08-14 11:15:01,0.09026497,0,0,0.0,0.0,0.0
2011-08-14 12:15:01,0.1140122,0,0,0.0,0.0,0.0
2011-08-14 13:15:01,0.1089111,0,0,0.0,0.0,0.0
2011-08-14 14:15:01,0.09852503,0,0,0.0,0.0,0.0
2011-08-14 15:15:01,0.07480253,0,0,0.0,0.0,0.0
2011-08-14 16:15:01,0.1351656,0,0,0.0,0.0,0.0
2011-08-14 17:15:01,0.05089853,0,0,0.0,0.0,0.0
2011-08-14 18:15:01,0.06145888,0,0,0.0,0.0,0.0
2011-08-14 19:15:01,0.05519487,0,0,0.0,0.0,0.0
2011-08-14 20:15:01,0.06024948,0,0,0.0,0.0,0.0
2011-08-14 21:15:01,0.07842041,0,0,0.0,0.0,0.0
2011-08-14 22:15:01,0.08363913,0,0,0.0,0.0,0.0
2011-08-14 23:15:01,0.08951982,0,0,0.0,0.0,0.0
2011-08-15 00:15:01,0.09727911,0,0,0.0,0.0,0.0
2011-08-15 01:15:01,0.09824324,0,0,0.0,0.0,0.0
2011-08-15 02:15:01,0.05048301,0,0,0.0,0.0,0.0
2011-08-15 03:15:01,0.04179779,0,0,0.0,0.0,0.0
2011-08-15 04:15:01,0.04218612,0,0,0.0,0.0,0.0
2011-08-15 05:15:01,0.04121229,0,0,0.0,0.0,0.0
2011-08-15 06:15:01,0.04579646,0,0,0.0,0.0,0.0
2011-08-15 07:15:01,0.05236101,0,0,0.0,0.0,0.0
2011-08-15 08:15:01,0.05154359,0,0,0.0,0.0,0.0
2011-08-15 09:15:01,0.1063245,0,0,0.0,0.0,0.0
2011-08-15 10:15:01,0.08992181,0,0,0.0,0.0,0.0
2011-08-15 11:15:01,0.08992181,0,0,0.0,0.0,0.0
2011-08-15 12:15:01,0.09,0,0,0.0,0.0,0.0
2011-08-15 13:15:01,0.09735589,0,0,0.0,0.0,0.0
2011-08-15 14:15:01,0.08697697,0,0,0.0,0.0,0.0
2011-08-15 15:15:01,0.08148794,0,0,0.0,0.0,0.0
2011-08-15 16:15:01,0.07244411,0,0,0.0,0.0,0.0
2011-08-15 17:15:01,0.06769926,0,0,0.0,0.0,0.0
2011-08-15 18:15:01,0.05873111,0,0,0.0,0.0,0.0
2011-08-15 19:15:01,0.05063336,0,0,0.0,0.0,0.0
2011-08-15 20:15:01,0.06239752,0,0,0.0,0.0,0.0
2011-08-15 21:15:01,0.1062412,0,0,0.0,0.0,0.0
2011-08-15 22:15:01,0.08167475,0,0,0.0,0.0,0.0
2011-08-15 23:15:01,0.0842444,0,0,0.0,0.0,0.0
2011-08-16 00:15:01,0.09229433,0,0,0.0,0.0,0.0
2011-08-16 01:15:01,0.09545743,0,0,0.0,0.0,0.0
2011-08-16 02:15:01,0.04567656,0,0,0.0,0.0,0.0
2011-08-16 03:15:01,0.04104967,0,0,0.0,0.0,0.0
2011-08-16 04:15:01,0.04101398,0,0,0.0,0.0,0.0
2011-08-16 05:15:01,0.0478435,0,0,0.0,0.0,0.0
2011-08-16 06:15:01,0.04572662,0,0,0.0,0.0,0.0
2011-08-16 07:15:01,0.06292522,0,0,0.0,0.0,0.0
2011-08-16 08:15:01,0.06656542,0,0,0.0,0.0,0.0
2011-08-16 09:15:01,0.08213475,0,0,0.0,0.0,0.0
2011-08-16 10:15:01,0.09531187,0,0,0.0,0.0,0.0
2011-08-16 11:15:01,0.09618705,0,0,0.0,0.0,0.0
2011-08-16 12:15:01,0.1130574,0,0,0.0,0.0,0.0
2011-08-16 13:15:01,0.08824373,0,0,0.0,0.0,0.0
2011-08-16 14:15:01,0.08957944,0,0,0.0,0.0,0.0
2011-08-16 15:15:01,0.07396419,0,0,0.0,0.0,0.0
2011-08-16 16:15:01,0.08255443,0,0,0.0,0.0,0.0
2011-08-16 17:15:01,0.06393182,0,0,0.0,0.0,0.0
2011-08-16 18:15:01,0.06267256,0,0,0.0,0.0,0.0
2011-08-16 19:15:01,0.05547387,0,0,0.0,0.0,0.0
2011-08-16 20:15:01,0.06474869,0,0,0.0,0.0,0.0
2011-08-16 21:15:01,0.0591537,0,0,0.0,0.0,0.0
2011-08-16 22:15:01,0.07695625,0,0,0.0,0.0,0.0
2011-08-16 23:15:01,0.06451936,0,0,0.0,0.0,0.0
2011-08-17 00:15:01,0.07378908,0,0,0.0,0.0,0.0
2011-08-17 01:15:01,0.1002833,0,0,0.0,0.0,0.0
2011-08-17 02:15:01,0.04959025,0,0,0.0,0.0,0.0
2011-08-17 03:15:01,0.04228983,0,0,0.0,0.0,0.0
2011-08-17 04:15:01,0.05845832,0,0,0.0,0.0,0.0
2011-08-17 05:15:01,0.04797697,0,0,0.0,0.0,0.0
2011-08-17 06:15:01,0.05075706,0,0,0.0,0.0,0.0
2011-08-17 07:15:01,0.05280835,0,0,0.0,0.0,0.0
2011-08-17 08:15:01,0.07358348,0,0,0.0,0.0,0.0
2011-08-17 09:15:01,0.08488302,0,0,0.0,0.0,0.0
2011-08-17 10:15:01,0.09174458,0,0,0.0,0.0,0.0
2011-08-17 11:15:01,0.09392749,0,0,0.0,0.0,0.0
2011-08-17 12:15:01,0.08804348,0,0,0.0,0.0,0.0
2011-08-17 13:15:01,0.08159255,0,0,0.0,0.0,0.0
2011-08-17 14:15:01,0.07776735,0,0,0.0,0.0,0.0
2011-08-17 15:15:01,0.07705109,0,0,0.0,0.0,0.0
2011-08-17 16:15:01,0.07475039,0,0,0.0,0.0,0.0
2011-08-17 17:15:01,0.0668609,0,0,0.0,0.0,0.0
2011-08-17 18:15:01,0.09162403,0,0,0.0,0.0,0.0
2011-08-17 19:15:01,0.06626416,0,0,0.0,0.0,0.0
2011-08-17 20:15:01,0.06791677,0,0,0.0,0.0,0.0
2011-08-17 21:15:01,0.0611785,0,0,0.0,0.0,0.0
2011-08-17 22:15:01,0.06235785,0,0,0.0,0.0,0.0
2011-08-17 23:15:01,0.06327509,0,0,0.0,0.0,0.0
2011-08-18 00:15:01,0.06864377,0,0,0.0,0.0,0.0
2011-08-18 01:15:01,0.09565012,0,0,0.0,0.0,0.0
2011-08-18 02:15:01,0.0599736,0,0,0.0,0.0,0.0
2011-08-18 03:15:01,0.0620127,0,0,0.0,0.0,0.0
2011-08-18 04:15:01,0.06811449,0,0,0.0,0.0,0.0
2011-08-18 05:15:01,0.05625666,0,0,0.0,0.0,0.0
2011-08-18 06:15:01,0.0564311,0,0,0.0,0.0,0.0
2011-08-18 07:15:01,0.04980219,0,0,0.0,0.0,0.0
2011-08-18 08:15:01,0.07409245,0,0,0.0,0.0,0.0
2011-08-18 09:15:01,0.09453137,0,0,0.0,0.0,0.0
2011-08-18 10:15:01,0.09870237,0,0,0.0,0.0,0.0
2011-08-18 11:15:01,0.1095706,0,0,0.0,0.0,0.0
2011-08-18 12:15:01,0.1187842,0,0,0.0,0.0,0.0
2011-08-18 13:15:01,0.1016129,0,0,0.0,0.0,0.0
2011-08-18 14:15:01,0.1024376,0,0,0.0,0.0,0.0
2011-08-18 15:15:01,0.1120928,0,0,0.0,0.0,0.0
2011-08-18 16:15:01,0.1031254,0,0,0.0,0.0,0.0
2011-08-18 17:15:01,0.08648243,0,0,0.0,0.0,0.0
2011-08-18 18:15:01,0.08347254,0,0,0.0,0.0,0.0
2011-08-18 19:15:01,0.08154926,0,0,0.0,0.0,0.0
2011-08-18 20:15:01,0.1057387,0,0,0.0,0.0,0.0
2011-08-18 21:15:01,0.07994994,0,0,0.0,0.0,0.0
2011-08-18 22:15:01,0.07797709,0,0,0.0,0.0,0.0
2011-08-18 23:15:01,0.07389897,0,0,0.0,0.0,0.0
2011-08-19 00:15:01,0.07709238,0,0,0.0,0.0,0.0
2011-08-19 01:15:01,0.0698273,0,0,0.0,0.0,0.0
2011-08-19 02:15:01,0.1923734,0,0,0.0,0.0,0.0
2011-08-19 03:15:01,0.06129764,0,0,0.0,0.0,0.0
2011-08-19 04:15:01,0.06354411,0,0,0.0,0.0,0.0
2011-08-19 05:15:01,0.05889947,0,0,0.0,0.0,0.0
2011-08-19 06:15:01,0.06226746,0,0,0.0,0.0,0.0
2011-08-19 07:15:01,0.0728202,0,0,0.0,0.0,0.0
2011-08-19 08:15:01,0.08427238,0,0,0.0,0.0,0.0
2011-08-19 09:15:01,0.09547184,0,0,0.0,0.0,0.0
2011-08-19 10:15:01,0.1274319,0,0,0.0,0.0,0.0
2011-08-19 11:15:01,0.07800687,0,0,0.0,0.0,0.0
2011-08-19 12:15:01,0.09893511,0,0,0.0,0.0,0.0
2011-08-19 13:15:01,0.09538158,0,0,0.0,0.0,0.0
2011-08-19 14:15:01,0.09514009,0,0,0.0,0.0,0.0
2011-08-19 15:15:01,0.09113914,0,0,0.0,0.0,0.0
2011-08-19 16:15:01,0.08712921,0,0,0.0,0.0,0.0
2011-08-19 17:15:01,0.07899293,0,0,0.0,0.0,0.0
2011-08-19 18:15:01,0.07249235,0,0,0.0,0.0,0.0
2011-08-19 19:15:01,0.06986324,0,0,0.0,0.0,0.0
2011-08-19 20:15:01,0.08186615,0,0,0.0,0.0,0.0
2011-08-19 21:15:01,0.08991186,0,0,0.0,0.0,0.0
2011-08-19 22:15:01,0.09655716,0,0,0.0,0.0,0.0
2011-08-19 23:15:01,0.1006988,0,0,0.0,0.0,0.0
2011-08-20 00:15:01,0.1133494,0,0,0.0,0.0,0.0
2011-08-20 01:15:01,0.1168097,0,0,0.0,0.0,0.0
2011-08-20 02:15:01,0.07192852,0,0,0.0,0.0,0.0
2011-08-20 03:15:01,0.06773118,0,0,0.0,0.0,0.0
2011-08-20 04:15:01,0.05162835,0,0,0.0,0.0,0.0
2011-08-20 05:15:01,0.05398126,0,0,0.0,0.0,0.0
2011-08-20 06:15:01,0.0611191,0,0,0.0,0.0,0.0
2011-08-20 07:15:01,0.09901765,0,0,0.0,0.0,0.0
2011-08-20 08:15:01,0.1973772,0,0,0.0,0.0,0.0
2011-08-20 09:15:01,0.1477063,0,0,0.0,0.0,0.0
2011-08-20 10:15:01,0.0708636,0,0,0.0,0.0,0.0
2011-08-20 11:15:01,0.1263571,0,0,0.0,0.0,0.0
2011-08-20 12:15:01,0.1329331,0,0,0.0,0.0,0.0
2011-08-20 13:15:01,0.1062037,0,0,0.0,0.0,0.0
2011-08-20 14:15:01,0.1065632,0,0,0.0,0.0,0.0
2011-08-20 15:15:01,0.1201057,0,0,0.0,0.0,0.0
2011-08-20 16:15:01,0.1159228,0,0,0.0,0.0,0.0
2011-08-20 17:15:01,0.104172,0,0,0.0,0.0,0.0
2011-08-20 18:15:01,0.1179446,0,0,0.0,0.0,0.0
2011-08-20 19:15:01,0.09722404,0,0,0.0,0.0,0.0
2011-08-20 20:15:01,0.1127974,0,0,0.0,0.0,0.0
2011-08-20 21:15:01,0.114633,0,0,0.0,0.0,0.0
2011-08-20 22:15:01,0.1211709,0,0,0.0,0.0,0.0
2011-08-20 23:15:01,0.1203162,0,0,0.0,0.0,0.0
2011-08-21 00:15:01,0.1240194,0,0,0.0,0.0,0.0
2011-08-21 01:15:01,0.135856,0,0,0.0,0.0,0.0
2011-08-21 02:15:01,0.07245142,0,0,0.0,0.0,0.0
2011-08-21 03:15:01,0.06959498,0,0,0.0,0.0,0.0
2011-08-21 04:15:01,0.04873914,0,0,0.0,0.0,0.0
2011-08-21 05:15:01,0.04439713,0,0,0.0,0.0,0.0
2011-08-21 06:15:01,0.04937172,0,0,0.0,0.0,0.0
2011-08-21 07:15:01,0.07547851,0,0,0.0,0.0,0.0
2011-08-21 08:15:01,0.1022491,0,0,0.0,0.0,0.0
2011-08-21 09:15:01,0.368622,0,0,0.0,0.0,0.0
2011-08-21 10:15:01,0.1104985,0,0,0.0,0.0,0.0
2011-08-21 11:15:01,0.07053959,0,0,0.0,0.0,0.0
2011-08-21 12:15:01,0.1330658,0,0,0.0,0.0,0.0
2011-08-21 13:15:01,0.1455512,0,0,0.0,0.0,0.0
2011-08-21 14:15:01,0.1345335,0,0,0.0,0.0,0.0
2011-08-21 15:15:01,0.1293172,0,0,0.0,0.0,0.0
2011-08-21 16:15:01,0.1297577,0,0,0.0,0.0,0.0
2011-08-21 17:15:01,0.1189019,0,0,0.0,0.0,0.0
2011-08-21 18:15:01,0.1112582,0,0,0.0,0.0,0.0
2011-08-21 19:15:01,0.1328653,0,0,0.0,0.0,0.0
2011-08-21 20:15:01,0.1083086,0,0,0.0,0.0,0.0
2011-08-21 21:15:01,0.1091368,0,0,0.0,0.0,0.0
2011-08-21 22:15:01,0.1031011,0,0,0.0,0.0,0.0
2011-08-21 23:15:01,0.1113133,0,0,0.0,0.0,0.0
2011-08-22 00:15:01,0.1172773,0,0,0.0,0.0,0.0
2011-08-22 01:15:01,0.1699191,0,0,0.0,0.0,0.0
2011-08-22 02:15:01,0.04858087,0,0,0.0,0.0,0.0
2011-08-22 03:15:01,0.03926727,0,0,0.0,0.0,0.0
2011-08-22 04:15:01,0.03877816,0,0,0.0,0.0,0.0
2011-08-22 05:15:01,0.05150771,0,1,0.866128848212,0.866128848212,0.866128848212
2011-08-22 06:15:01,0.08075882,0,1,0.0,0.0,0.0
2011-08-22 07:15:01,0.1085553,0,1,0.0,0.0,0.0
2011-08-22 08:15:01,0.1125414,0,1,0.0,0.0,0.0
2011-08-22 09:15:01,0.1087978,0,1,0.0,0.0,0.0
2011-08-22 10:15:01,0.1184424,0,1,0.0,0.0,0.0
2011-08-22 11:15:01,0.1318106,0,1,0.0,0.0,0.0
2011-08-22 12:15:01,0.1219269,0,1,0.0,0.0,0.0
2011-08-22 13:15:01,0.108043,0,1,0.0,0.0,0.0
2011-08-22 14:15:01,0.108043,0,1,0.0,0.0,0.0
2011-08-22 15:15:01,0.06117856,0,1,0.0,0.0,0.0
2011-08-22 16:15:01,0.1076006,0,1,0.0,0.0,0.0
2011-08-22 17:15:01,0.1005476,0,1,0.0,0.0,0.0
2011-08-22 18:15:01,0.09911432,0,1,0.0,0.0,0.0
2011-08-22 19:15:01,0.09993488,0,1,0.0,0.0,0.0
2011-08-22 20:15:01,0.09933912,0,1,0.0,0.0,0.0
2011-08-22 21:15:01,0.09846535,0,1,0.0,0.0,0.0
2011-08-22 22:15:01,0.09609734,0,1,0.0,0.0,0.0
2011-08-22 23:15:01,0.09677016,0,1,0.0,0.0,0.0
2011-08-23 00:15:01,0.1014357,0,1,0.0,0.0,0.0
2011-08-23 01:15:01,0.09833607,0,1,0.0,0.0,0.0
2011-08-23 02:15:01,0.09040869,0,1,0.0,0.0,0.0
2011-08-23 03:15:01,0.1066719,0,1,0.0,0.0,0.0
2011-08-23 04:15:01,0.110414,0,1,0.0,0.0,0.0
2011-08-23 05:15:01,0.1045407,0,1,0.0,0.0,0.0
2011-08-23 06:15:01,0.1119368,0,1,0.0,0.0,0.0
2011-08-23 07:15:01,0.1112307,0,1,0.0,0.0,0.0
2011-08-23 08:15:01,3.126852,1,1,0.0,0.0,0.0
2011-08-23 09:15:01,0.04443755,0,1,0.0,0.0,0.0
2011-08-23 10:15:01,0.1301138,0,1,0.0,0.0,0.0
2011-08-23 11:15:01,0.1350862,0,1,0.0,0.0,0.0
2011-08-23 12:15:01,0.1245185,0,1,0.0,0.0,0.0
2011-08-23 13:15:01,0.1084547,0,1,0.0,0.0,0.0
2011-08-23 14:15:01,0.1097859,0,1,0.0,0.0,0.0
2011-08-23 15:15:01,0.102796,0,1,0.0,0.0,0.0
2011-08-23 16:15:01,0.113582,0,1,0.0,0.0,0.0
2011-08-23 17:15:01,0.08364547,0,1,0.0,0.0,0.0
2011-08-23 18:15:01,0.0620122,0,1,0.0,0.0,0.0
2011-08-23 19:15:01,0.07012016,0,1,0.0,0.0,0.0
2011-08-23 20:15:01,0.09083067,0,1,0.0,0.0,0.0
2011-08-23 21:15:01,0.06874166,0,1,0.0,0.0,0.0
2011-08-23 22:15:01,0.05727657,0,1,0.0,0.0,0.0
2011-08-23 23:15:01,0.0641097,0,1,0.0,0.0,0.0
2011-08-24 00:15:01,0.06048979,0,1,0.0,0.0,0.0
2011-08-24 01:15:01,0.6946082,0,1,0.0,0.0,0.0
2011-08-24 02:15:01,0.05635916,0,1,0.0,0.0,0.0
2011-08-24 03:15:01,0.05306365,0,1,0.0,0.0,0.0
2011-08-24 04:15:01,0.05290438,0,1,0.0,0.0,0.0
2011-08-24 05:15:01,0.05380686,0,1,0.0,0.0,0.0
2011-08-24 06:15:01,0.06180311,0,1,0.0,0.0,0.0
2011-08-24 07:15:01,0.07961856,0,1,0.0,0.0,0.0
2011-08-24 08:15:01,0.09015326,0,1,0.0,0.0,0.0
2011-08-24 09:15:01,0.1042067,0,1,0.0,0.0,0.0
2011-08-24 10:15:01,0.1194242,0,1,0.0,0.0,0.0
2011-08-24 11:15:01,0.1282816,0,1,0.0,0.0,0.0
2011-08-24 12:15:01,0.1260959,0,0,0.0,0.0,0.0
2011-08-24 13:15:01,0.111087,0,0,0.0,0.0,0.0
2011-08-24 14:15:01,0.123632,0,0,0.0,0.0,0.0
2011-08-24 15:15:01,0.1041037,0,0,0.0,0.0,0.0
2011-08-24 16:15:01,0.08548754,0,0,0.0,0.0,0.0
2011-08-24 17:15:01,0.0773913,0,0,0.0,0.0,0.0
2011-08-24 18:15:01,0.07470639,0,0,0.0,0.0,0.0
2011-08-24 19:15:01,0.07261782,0,0,0.0,0.0,0.0
2011-08-24 20:15:01,0.08621572,0,0,0.0,0.0,0.0
2011-08-24 21:15:01,0.07204545,0,0,0.0,0.0,0.0
2011-08-24 22:15:01,0.06679036,0,0,0.0,0.0,0.0
2011-08-24 23:15:01,0.07560572,0,0,0.0,0.0,0.0
2011-08-25 00:15:01,0.121839,0,0,0.0,0.0,0.0
2011-08-25 01:15:01,0.09395581,0,0,0.0,0.0,0.0
2011-08-25 02:15:01,0.04561912,0,0,0.0,0.0,0.0
2011-08-25 03:15:01,0.05675096,0,0,0.0,0.0,0.0
2011-08-25 04:15:01,0.05518733,0,0,0.0,0.0,0.0
2011-08-25 05:15:01,0.05551439,0,0,0.0,0.0,0.0
2011-08-25 06:15:01,0.06141671,0,0,0.0,0.0,0.0
2011-08-25 07:15:01,0.07430228,0,0,0.0,0.0,0.0
2011-08-25 08:15:01,0.1152385,0,0,0.0,0.0,0.0
2011-08-25 09:15:01,0.0659058,0,0,0.0,0.0,0.0
2011-08-25 10:15:01,0.114221,0,0,0.0,0.0,0.0
2011-08-25 11:15:01,0.1230314,0,0,0.0,0.0,0.0
2011-08-25 12:15:01,0.1111748,0,0,0.0,0.0,0.0
2011-08-25 13:15:01,0.1292277,0,0,0.0,0.0,0.0
2011-08-25 14:15:01,0.1029742,0,0,0.0,0.0,0.0
2011-08-25 15:15:01,0.08492158,0,0,0.0,0.0,0.0
2011-08-25 16:15:01,0.0806913,0,0,0.0,0.0,0.0
2011-08-25 17:15:01,0.2399539,0,0,0.0,0.0,0.0
2011-08-25 18:15:01,0.04646524,0,0,0.0,0.0,0.0
2011-08-25 19:15:01,0.07467406,0,0,0.0,0.0,0.0
2011-08-25 20:15:01,0.07483733,0,0,0.0,0.0,0.0
2011-08-25 21:15:01,0.07465593,0,0,0.0,0.0,0.0
2011-08-25 22:15:01,0.06962172,0,0,0.0,0.0,0.0
2011-08-25 23:15:01,0.08356156,0,0,0.0,0.0,0.0
2011-08-26 00:15:01,0.1035377,0,0,0.0,0.0,0.0
2011-08-26 01:15:01,0.07509927,0,0,0.0,0.0,0.0
2011-08-26 02:15:01,0.05890666,0,0,0.0,0.0,0.0
2011-08-26 03:15:01,0.05622929,0,0,0.0,0.0,0.0
2011-08-26 04:15:01,0.05827252,0,0,0.0,0.0,0.0
2011-08-26 05:15:01,0.06175364,0,0,0.0,0.0,0.0
2011-08-26 06:15:01,0.06771204,0,0,0.0,0.0,0.0
2011-08-26 07:15:01,0.08041722,0,0,0.0,0.0,0.0
2011-08-26 08:15:01,0.08381944,0,0,0.0,0.0,0.0
2011-08-26 09:15:01,0.09684896,0,0,0.0,0.0,0.0
2011-08-26 10:15:01,0.115221,0,0,0.0,0.0,0.0
2011-08-26 11:15:01,0.1242724,0,0,0.0,0.0,0.0
2011-08-26 12:15:01,0.1210544,0,0,0.0,0.0,0.0
2011-08-26 13:15:01,0.09724426,0,0,0.0,0.0,0.0
2011-08-26 14:15:01,0.1022264,0,0,0.0,0.0,0.0
2011-08-26 15:15:01,0.0986788,0,0,0.0,0.0,0.0
2011-08-26 16:15:01,0.08720493,0,0,0.0,0.0,0.0
2011-08-26 17:15:01,0.08234714,0,0,0.0,0.0,0.0
2011-08-26 18:15:01,0.07257875,0,0,0.0,0.0,0.0
2011-08-26 19:15:01,0.0913905,0,0,0.0,0.0,0.0
2011-08-26 20:15:01,0.0732816,0,0,0.0,0.0,0.0
2011-08-26 21:15:01,0.07429176,0,0,0.0,0.0,0.0
2011-08-26 22:15:01,0.1462679,0,0,0.0,0.0,0.0
2011-08-26 23:15:01,0.1135887,0,0,0.0,0.0,0.0
2011-08-27 00:15:01,0.0969626,0,0,0.0,0.0,0.0
2011-08-27 01:15:01,0.07946928,0,0,0.0,0.0,0.0
2011-08-27 02:15:01,0.0982659,0,0,0.0,0.0,0.0
2011-08-27 03:15:01,0.07320371,0,0,0.0,0.0,0.0
2011-08-27 04:15:01,0.08178686,0,0,0.0,0.0,0.0
2011-08-27 05:15:01,0.08437101,0,0,0.0,0.0,0.0
2011-08-27 06:15:01,0.07921019,0,0,0.0,0.0,0.0
2011-08-27 07:15:01,0.2468425,0,0,0.0,0.0,0.0
2011-08-27 08:15:01,0.07801145,0,0,0.0,0.0,0.0
2011-08-27 09:15:01,0.129392,0,0,0.0,0.0,0.0
2011-08-27 10:15:01,0.1578487,0,0,0.0,0.0,0.0
2011-08-27 11:15:01,0.7332468,0,0,0.0,0.0,0.0
2011-08-27 12:15:01,0.0855468,0,0,0.0,0.0,0.0
2011-08-27 13:15:01,0.1787654,0,0,0.0,0.0,0.0
2011-08-27 14:15:01,0.1703756,0,0,0.0,0.0,0.0
2011-08-27 15:15:01,0.1324331,0,0,0.0,0.0,0.0
2011-08-27 16:15:01,0.1651173,0,0,0.0,0.0,0.0
2011-08-27 17:15:01,0.1266948,0,0,0.0,0.0,0.0
2011-08-27 18:15:01,0.1021882,0,0,0.0,0.0,0.0
2011-08-27 19:15:01,0.06971429,0,0,0.0,0.0,0.0
2011-08-27 20:15:01,0.1617606,0,0,0.0,0.0,0.0
2011-08-27 21:15:01,0.07578756,0,0,0.0,0.0,0.0
2011-08-27 22:15:01,0.07547842,0,0,0.0,0.0,0.0
2011-08-27 23:15:01,0.064977,0,0,0.0,0.0,0.0
2011-08-28 00:15:01,0.07181884,0,0,0.0,0.0,0.0
2011-08-28 01:15:01,0.1113418,0,0,0.0,0.0,0.0
2011-08-28 02:15:01,0.09194892,0,0,0.0,0.0,0.0
2011-08-28 03:15:01,0.1082588,0,0,0.0,0.0,0.0
2011-08-28 04:15:01,0.08461654,0,0,0.0,0.0,0.0
2011-08-28 05:15:01,0.09913739,0,0,0.0,0.0,0.0
2011-08-28 06:15:01,0.1064635,0,0,0.0,0.0,0.0
2011-08-28 07:15:01,0.1114175,0,0,0.0,0.0,0.0
2011-08-28 08:15:01,0.1289556,0,0,0.0,0.0,0.0
2011-08-28 09:15:01,0.148315,0,0,0.0,0.0,0.0
2011-08-28 10:15:01,0.1482348,0,0,0.0,0.0,0.0
2011-08-28 11:15:01,0.1193298,0,0,0.0,0.0,0.0
2011-08-28 12:15:01,0.1443736,0,0,0.0,0.0,0.0
2011-08-28 13:15:01,2.116176,1,0,-0.219949582349,-0.109974791174,-0.109974791174
2011-08-28 14:15:01,0.117001,0,0,0.0,0.0,0.0
2011-08-28 15:15:01,0.1291787,0,0,0.0,0.0,0.0
2011-08-28 16:15:01,0.1111052,0,0,0.0,0.0,0.0
2011-08-28 17:15:01,0.09133386,0,0,0.0,0.0,0.0
2011-08-28 18:15:01,0.09449168,0,0,0.0,0.0,0.0
2011-08-28 19:15:01,0.1556677,0,0,0.0,0.0,0.0
2011-08-28 20:15:01,0.06637318,0,0,0.0,0.0,0.0
2011-08-28 21:15:01,0.09603151,0,0,0.0,0.0,0.0
2011-08-28 22:15:01,0.1082828,0,0,0.0,0.0,0.0
2011-08-28 23:15:01,0.1034616,0,0,0.0,0.0,0.0
2011-08-29 00:15:01,0.09955355,0,0,0.0,0.0,0.0
2011-08-29 01:15:01,0.1109476,0,0,0.0,0.0,0.0
2011-08-29 02:15:01,0.1423421,0,0,0.0,0.0,0.0
2011-08-29 03:15:01,0.1232657,0,0,0.0,0.0,0.0
2011-08-29 04:15:01,0.1488556,0,0,0.0,0.0,0.0
2011-08-29 05:15:01,0.1221708,0,0,0.0,0.0,0.0
2011-08-29 06:15:01,0.07467944,0,0,0.0,0.0,0.0
2011-08-29 07:15:01,0.0626153,0,0,0.0,0.0,0.0
2011-08-29 08:15:01,0.08568566,0,0,0.0,0.0,0.0
2011-08-29 09:15:01,0.1312068,0,0,0.0,0.0,0.0
2011-08-29 10:15:01,0.5494798,0,0,0.0,0.0,0.0
2011-08-29 11:15:01,0.06740367,0,0,0.0,0.0,0.0
2011-08-29 12:15:01,0.1111921,0,0,0.0,0.0,0.0
2011-08-29 13:15:01,0.1117612,0,0,0.0,0.0,0.0
2011-08-29 14:15:01,0.1176566,0,0,0.0,0.0,0.0
2011-08-29 15:15:01,0.1074778,0,0,0.0,0.0,0.0
2011-08-29 16:15:01,0.09483051,0,0,0.0,0.0,0.0
2011-08-29 17:15:01,0.09047052,0,0,0.0,0.0,0.0
2011-08-29 18:15:01,0.08125,0,0,0.0,0.0,0.0
2011-08-29 19:15:01,0.08377164,0,0,0.0,0.0,0.0
2011-08-29 20:15:01,0.0837715,0,0,0.0,0.0,0.0
2011-08-29 21:15:01,0.08027195,0,0,0.0,0.0,0.0
2011-08-29 22:15:01,0.09372384,0,0,0.0,0.0,0.0
2011-08-29 23:15:01,0.08420242,0,0,0.0,0.0,0.0
2011-08-30 00:15:01,0.08234767,0,0,0.0,0.0,0.0
2011-08-30 01:15:01,0.08014861,0,0,0.0,0.0,0.0
2011-08-30 02:15:01,0.07952027,0,0,0.0,0.0,0.0
2011-08-30 03:15:01,0.0773251,0,0,0.0,0.0,0.0
2011-08-30 04:15:01,0.08165409,0,0,0.0,0.0,0.0
2011-08-30 05:15:01,0.08406526,0,0,0.0,0.0,0.0
2011-08-30 06:15:01,0.08918519,0,0,0.0,0.0,0.0
2011-08-30 07:15:01,0.09841491,0,0,0.0,0.0,0.0
2011-08-30 08:15:01,0.2893209,0,0,0.0,0.0,0.0
2011-08-30 09:15:01,0.07726145,0,0,0.0,0.0,0.0
2011-08-30 10:15:01,0.1553882,0,0,0.0,0.0,0.0
2011-08-30 11:15:01,0.1620784,0,0,0.0,0.0,0.0
2011-08-30 12:15:01,0.1583762,0,0,0.0,0.0,0.0
2011-08-30 13:15:01,0.1317049,0,0,0.0,0.0,0.0
2011-08-30 14:15:01,0.152018,0,0,0.0,0.0,0.0
2011-08-30 15:15:01,0.1246494,0,0,0.0,0.0,0.0
2011-08-30 16:15:01,0.1086647,0,0,0.0,0.0,0.0
2011-08-30 17:15:01,0.1061012,0,0,0.0,0.0,0.0
2011-08-30 18:15:01,0.09856322,0,0,0.0,0.0,0.0
2011-08-30 19:15:01,0.1040479,0,0,0.0,0.0,0.0
2011-08-30 20:15:01,0.08586531,0,0,0.0,0.0,0.0
2011-08-30 21:15:01,0.08705278,0,0,0.0,0.0,0.0
2011-08-30 22:15:01,0.08421018,0,0,0.0,0.0,0.0
2011-08-30 23:15:01,0.08732638,0,0,0.0,0.0,0.0
2011-08-31 00:15:01,0.08044792,0,0,0.0,0.0,0.0
2011-08-31 01:15:01,0.1000827,0,0,0.0,0.0,0.0
2011-08-31 02:15:01,0.1120947,0,0,0.0,0.0,0.0
2011-08-31 03:15:01,0.09107589,0,0,0.0,0.0,0.0
2011-08-31 04:15:01,0.07395902,0,0,0.0,0.0,0.0
2011-08-31 05:15:01,0.07986578,0,0,0.0,0.0,0.0
2011-08-31 06:15:01,0.05910474,0,0,0.0,0.0,0.0
2011-08-31 07:15:01,0.06328397,0,0,0.0,0.0,0.0
2011-08-31 08:15:01,0.09987179,0,0,0.0,0.0,0.0
2011-08-31 09:15:01,0.1007598,0,0,0.0,0.0,0.0
2011-08-31 10:15:01,0.1085479,0,0,0.0,0.0,0.0
2011-08-31 11:15:01,0.0883195,0,0,0.0,0.0,0.0
2011-08-31 12:15:01,0.09046699,0,0,0.0,0.0,0.0
2011-08-31 13:15:01,0.09261554,0,0,0.0,0.0,0.0
2011-08-31 14:15:01,0.09209784,0,0,0.0,0.0,0.0
2011-08-31 15:15:01,0.08680142,0,0,0.0,0.0,0.0
2011-08-31 16:15:01,0.0834149,0,0,0.0,0.0,0.0
2011-08-31 17:15:01,0.06798095,0,0,0.0,0.0,0.0
2011-08-31 18:15:01,0.05792257,0,0,0.0,0.0,0.0
2011-08-31 19:15:01,0.06399136,0,0,0.0,0.0,0.0
2011-08-31 20:15:01,0.246305,0,0,0.0,0.0,0.0
2011-08-31 21:15:01,0.5060812,0,0,0.0,0.0,0.0
2011-08-31 22:15:01,0.3473191,0,0,0.0,0.0,0.0
2011-08-31 23:15:01,0.1301131,0,0,0.0,0.0,0.0
2011-09-01 00:15:01,0.04892036,0,0,0.0,0.0,0.0
2011-09-01 01:15:01,0.0888658,0,0,0.0,0.0,0.0
2011-09-01 02:15:01,0.06641509,0,0,0.0,0.0,0.0
2011-09-01 03:15:01,0.04642666,0,0,0.0,0.0,0.0
2011-09-01 04:15:01,0.04508049,0,0,0.0,0.0,0.0
2011-09-01 05:15:01,0.0741501,0,0,0.0,0.0,0.0
2011-09-01 06:15:01,0.0849631,0,0,0.0,0.0,0.0
2011-09-01 07:15:01,0.09653402,0,0,0.0,0.0,0.0
2011-09-01 08:15:01,0.1043767,0,0,0.0,0.0,0.0
2011-09-01 09:15:01,0.1088959,0,0,0.0,0.0,0.0
2011-09-01 10:15:01,0.1302595,0,0,0.0,0.0,0.0
2011-09-01 11:15:01,0.1546025,0,0,0.0,0.0,0.0
2011-09-01 12:15:01,0.1136661,0,0,0.0,0.0,0.0
2011-09-01 13:15:01,0.09871486,0,0,0.0,0.0,0.0
2011-09-01 14:15:01,0.1203978,0,0,0.0,0.0,0.0
2011-09-01 15:15:01,0.1245808,0,0,0.0,0.0,0.0
2011-09-01 16:15:01,0.1105194,0,0,0.0,0.0,0.0
2011-09-01 17:15:01,0.1053753,0,0,0.0,0.0,0.0
2011-09-01 18:15:01,0.1020227,0,0,0.0,0.0,0.0
2011-09-01 19:15:01,0.1065515,0,0,0.0,0.0,0.0
2011-09-01 20:15:01,0.3157214,0,0,0.0,0.0,0.0
2011-09-01 21:15:01,0.05857143,0,0,0.0,0.0,0.0
2011-09-01 22:15:01,0.1011655,0,0,0.0,0.0,0.0
2011-09-01 23:15:01,0.09989446,0,0,0.0,0.0,0.0
2011-09-02 00:15:01,0.1046246,0,0,0.0,0.0,0.0
2011-09-02 01:15:01,0.1204766,0,0,0.0,0.0,0.0
2011-09-02 02:15:01,0.04965545,0,0,0.0,0.0,0.0
2011-09-02 03:15:01,0.04742945,0,0,0.0,0.0,0.0
2011-09-02 04:15:01,0.05524395,0,0,0.0,0.0,0.0
2011-09-02 05:15:01,0.07463052,0,0,0.0,0.0,0.0
2011-09-02 06:15:01,0.09384239,0,0,0.0,0.0,0.0
2011-09-02 07:15:01,0.108136,0,0,0.0,0.0,0.0
2011-09-02 08:15:01,0.129868,0,0,0.0,0.0,0.0
2011-09-02 09:15:01,0.1210893,0,0,0.0,0.0,0.0
2011-09-02 10:15:01,0.1567568,0,0,0.0,0.0,0.0
2011-09-02 11:15:01,0.1765361,0,0,0.0,0.0,0.0
2011-09-02 12:15:01,0.1258879,0,0,0.0,0.0,0.0
2011-09-02 13:15:01,0.1073397,0,0,0.0,0.0,0.0
2011-09-02 14:15:01,0.1062734,0,0,0.0,0.0,0.0
2011-09-02 15:15:01,0.124832,0,0,0.0,0.0,0.0
2011-09-02 16:15:01,0.116729,0,0,0.0,0.0,0.0
2011-09-02 17:15:01,0.1062755,0,0,0.0,0.0,0.0
2011-09-02 18:15:01,0.1040863,0,0,0.0,0.0,0.0
2011-09-02 19:15:01,0.1012661,0,0,0.0,0.0,0.0
2011-09-02 20:15:01,0.09584524,0,0,0.0,0.0,0.0
2011-09-02 21:15:01,0.09523731,0,0,0.0,0.0,0.0
2011-09-02 22:15:01,0.09365072,0,0,0.0,0.0,0.0
2011-09-02 23:15:01,0.09412656,0,0,0.0,0.0,0.0
2011-09-03 00:15:01,0.09216384,0,0,0.0,0.0,0.0
2011-09-03 01:15:01,0.09982582,0,0,0.0,0.0,0.0
2011-09-03 02:15:01,0.06777569,0,0,0.0,0.0,0.0
2011-09-03 03:15:01,0.06389478,0,0,0.0,0.0,0.0
2011-09-03 04:15:01,0.05387692,0,0,0.0,0.0,0.0
2011-09-03 05:15:01,0.05733319,0,0,0.0,0.0,0.0
2011-09-03 06:15:01,0.05990513,0,0,0.0,0.0,0.0
2011-09-03 07:15:01,0.06891313,0,0,0.0,0.0,0.0
2011-09-03 08:15:01,0.08216592,0,0,0.0,0.0,0.0
2011-09-03 09:15:01,0.100252,0,0,0.0,0.0,0.0
2011-09-03 10:15:01,0.1033298,0,0,0.0,0.0,0.0
2011-09-03 11:15:01,0.1097674,0,0,0.0,0.0,0.0
2011-09-03 12:15:01,0.1259341,0,0,0.0,0.0,0.0
2011-09-03 13:15:01,0.1174388,0,0,0.0,0.0,0.0
2011-09-03 14:15:01,0.1144958,0,0,0.0,0.0,0.0
2011-09-03 15:15:01,0.0849839,0,0,0.0,0.0,0.0
2011-09-03 16:15:01,0.07816345,0,0,0.0,0.0,0.0
2011-09-03 17:15:01,0.08208065,0,0,0.0,0.0,0.0
2011-09-03 18:15:01,0.07105754,0,0,0.0,0.0,0.0
2011-09-03 19:15:01,0.0710879,0,0,0.0,0.0,0.0
2011-09-03 20:15:01,0.06890694,0,0,0.0,0.0,0.0
2011-09-03 21:15:01,0.06826643,0,0,0.0,0.0,0.0
2011-09-03 22:15:01,0.07548432,0,0,0.0,0.0,0.0
2011-09-03 23:15:01,0.07667601,0,0,0.0,0.0,0.0
2011-09-04 00:15:01,0.07722919,0,0,0.0,0.0,0.0
2011-09-04 01:15:01,0.07974535,0,0,0.0,0.0,0.0
2011-09-04 02:15:01,0.07068863,0,0,0.0,0.0,0.0
2011-09-04 03:15:01,0.06347818,0,0,0.0,0.0,0.0
2011-09-04 04:15:01,0.06486721,0,0,0.0,0.0,0.0
2011-09-04 05:15:01,0.05864575,0,0,0.0,0.0,0.0
2011-09-04 06:15:01,0.06252237,0,0,0.0,0.0,0.0
2011-09-04 07:15:01,0.07040846,0,0,0.0,0.0,0.0
2011-09-04 08:15:01,0.08317341,0,0,0.0,0.0,0.0
2011-09-04 09:15:01,1.35046,0,0,0.0,0.0,0.0
2011-09-04 10:15:01,0.04749874,0,0,0.0,0.0,0.0
2011-09-04 11:15:01,0.1108081,0,0,0.0,0.0,0.0
2011-09-04 12:15:01,0.1318844,0,0,0.0,0.0,0.0
2011-09-04 13:15:01,0.1231695,0,0,0.0,0.0,0.0
2011-09-04 14:15:01,0.1010942,0,0,0.0,0.0,0.0
2011-09-04 15:15:01,0.09303133,0,0,0.0,0.0,0.0
2011-09-04 16:15:01,0.09175,0,0,0.0,0.0,0.0
2011-09-04 17:15:01,0.09259077,0,0,0.0,0.0,0.0
2011-09-04 18:15:01,0.09605595,0,0,0.0,0.0,0.0
2011-09-04 19:15:01,0.07873669,0,0,0.0,0.0,0.0
2011-09-04 20:15:01,0.07424444,0,0,0.0,0.0,0.0
2011-09-04 21:15:01,0.0829434,0,0,0.0,0.0,0.0
2011-09-04 22:15:01,0.08066792,0,0,0.0,0.0,0.0
2011-09-04 23:15:01,0.07853302,0,0,0.0,0.0,0.0
2011-09-05 00:15:01,0.0754287,0,0,0.0,0.0,0.0
2011-09-05 01:15:01,0.0924902,0,0,0.0,0.0,0.0
2011-09-05 02:15:01,0.08870419,0,0,0.0,0.0,0.0
2011-09-05 03:15:01,0.04930052,0,0,0.0,0.0,0.0
2011-09-05 04:15:01,0.04697631,0,0,0.0,0.0,0.0
2011-09-05 05:15:01,0.05787249,0,0,0.0,0.0,0.0
2011-09-05 06:15:01,0.08614556,0,0,0.0,0.0,0.0
2011-09-05 07:15:01,0.09993936,0,0,0.0,0.0,0.0
2011-09-05 08:15:01,0.09774908,0,0,0.0,0.0,0.0
2011-09-05 09:15:01,0.1150964,0,0,0.0,0.0,0.0
2011-09-05 10:15:01,0.1156195,0,0,0.0,0.0,0.0
2011-09-05 11:15:01,0.1202622,0,0,0.0,0.0,0.0
2011-09-05 12:15:01,0.1304065,0,0,0.0,0.0,0.0
2011-09-05 13:15:01,0.1326136,0,0,0.0,0.0,0.0
2011-09-05 14:15:01,0.1213551,0,0,0.0,0.0,0.0
2011-09-05 15:15:01,0.1106576,0,0,0.0,0.0,0.0
2011-09-05 16:15:01,0.1061396,0,0,0.0,0.0,0.0
2011-09-05 17:15:01,0.1022135,0,0,0.0,0.0,0.0
2011-09-05 18:15:01,0.09502526,0,0,0.0,0.0,0.0
2011-09-05 19:15:01,0.09673993,0,0,0.0,0.0,0.0
2011-09-05 20:15:01,0.09978406,0,0,0.0,0.0,0.0
2011-09-05 21:15:01,0.09187729,0,0,0.0,0.0,0.0
2011-09-05 22:15:01,0.1157549,0,0,0.0,0.0,0.0
2011-09-05 23:15:01,0.09505208,0,0,0.0,0.0,0.0
2011-09-06 00:15:01,0.1064345,0,0,0.0,0.0,0.0
2011-09-06 01:15:01,0.1139083,0,0,0.0,0.0,0.0
2011-09-06 02:15:01,0.06117608,0,0,0.0,0.0,0.0
2011-09-06 03:15:01,0.04494755,0,0,0.0,0.0,0.0
2011-09-06 04:15:01,0.03973604,0,0,0.0,0.0,0.0
2011-09-06 05:15:01,0.08547451,0,0,0.0,0.0,0.0
2011-09-06 06:15:01,0.1035509,0,0,0.0,0.0,0.0
2011-09-06 07:15:01,0.1074495,0,0,0.0,0.0,0.0
2011-09-06 08:15:01,0.1100415,0,0,0.0,0.0,0.0
2011-09-06 09:15:01,0.1213183,0,0,0.0,0.0,0.0
2011-09-06 10:15:01,0.1249769,0,0,0.0,0.0,0.0
2011-09-06 11:15:01,0.1265659,0,0,0.0,0.0,0.0
2011-09-06 12:15:01,0.1178232,0,0,0.0,0.0,0.0
2011-09-06 13:15:01,0.1095477,0,0,0.0,0.0,0.0
2011-09-06 14:15:01,0.1115168,0,0,0.0,0.0,0.0
2011-09-06 15:15:01,0.1081737,0,0,0.0,0.0,0.0
2011-09-06 16:15:01,0.12392,0,0,0.0,0.0,0.0
2011-09-06 17:15:01,0.1068175,0,0,0.0,0.0,0.0
2011-09-06 18:15:01,0.09553279,0,0,0.0,0.0,0.0
2011-09-06 19:15:01,0.09036364,0,0,0.0,0.0,0.0
2011-09-06 20:15:01,0.0409504,0,0,0.0,0.0,0.0
2011-09-06 21:15:01,0.03644133,0,0,0.0,0.0,0.0
2011-09-06 22:15:01,0.0238837,0,0,0.0,0.0,0.0
2011-09-06 23:15:01,0.02860733,0,0,0.0,0.0,0.0
2011-09-07 00:15:01,0.04731336,0,0,0.0,0.0,0.0
2011-09-07 01:15:01,0.05681487,0,0,0.0,0.0,0.0
2011-09-07 02:15:01,0.02492505,0,0,0.0,0.0,0.0
2011-09-07 03:15:01,0.03298402,0,0,0.0,0.0,0.0
2011-09-07 04:15:01,0.02583569,0,0,0.0,0.0,0.0
2011-09-07 05:15:01,0.02921777,0,0,0.0,0.0,0.0
2011-09-07 06:15:01,0.02941888,0,0,0.0,0.0,0.0
2011-09-07 07:15:01,0.04750315,0,0,0.0,0.0,0.0
2011-09-07 08:15:01,0.03946532,0,0,0.0,0.0,0.0
2011-09-07 09:15:01,0.05124088,0,0,0.0,0.0,0.0
2011-09-07 10:15:01,0.05427523,0,0,0.0,0.0,0.0
2011-09-07 11:15:01,0.0706499,0,0,0.0,0.0,0.0
2011-09-07 12:15:01,0.05633858,0,0,0.0,0.0,0.0
2011-09-07 13:15:01,0.05078197,0,0,0.0,0.0,0.0
2011-09-07 14:15:01,0.05623201,0,0,0.0,0.0,0.0
