timestamp,value,anomaly_score,S(t)_reward_low_FP_rate,S(t)_reward_low_FN_rate,S(t)_standard
2015-09-08 11:39:00,73,,0.0,0.0,0.0
2015-09-08 11:44:00,62,0.846795379806,0.0,0.0,0.0
2015-09-08 11:59:00,66,0.800500062192,0.0,0.0,0.0
2015-09-08 12:19:00,69,0.857457586397,0.0,0.0,0.0
2015-09-08 12:24:00,65,0.843868781017,0.0,0.0,0.0
2015-09-08 12:27:00,76,0.913067556678,0.0,0.0,0.0
2015-09-08 12:32:00,65,0.896298947872,0.0,0.0,0.0
2015-09-08 12:46:00,62,0.786904210301,0.0,0.0,0.0
2015-09-08 12:51:00,61,0.755452551221,0.0,0.0,0.0
2015-09-08 13:01:00,65,0.784010808409,0.0,0.0,0.0
2015-09-08 13:21:00,68,0.840963791528,0.0,0.0,0.0
2015-09-08 13:26:00,66,0.845393071881,0.0,0.0,0.0
2015-09-08 13:31:00,67,0.83943537715,0.0,0.0,0.0
2015-09-08 13:36:00,65,0.828898494067,0.0,0.0,0.0
2015-09-08 13:41:00,67,0.831952817396,0.0,0.0,0.0
2015-09-08 13:46:00,67,0.846918928636,0.0,0.0,0.0
2015-09-08 13:56:00,69,0.864941033489,0.0,0.0,0.0
2015-09-08 14:11:00,68,0.870899772147,0.0,0.0,0.0
2015-09-08 14:16:00,68,0.863414237199,0.0,0.0,0.0
2015-09-08 14:21:00,67,0.854403419656,0.0,0.0,0.0
2015-09-08 14:46:00,66,0.837908476468,0.0,0.0,0.0
2015-09-08 14:51:00,68,0.84844624689,0.0,0.0,0.0
2015-09-08 15:16:00,69,0.872425472313,0.0,0.0,0.0
2015-09-08 15:21:00,65,0.843868781017,0.0,0.0,0.0
2015-09-08 15:26:00,70,0.858986992506,0.0,0.0,0.0
2015-09-08 15:29:00,66,0.860365342293,0.0,0.0,0.0
2015-09-08 15:41:00,65,0.821414838188,0.0,0.0,0.0
2015-09-08 16:15:00,64,0.804922504819,0.0,0.0,0.0
2015-09-08 16:31:00,66,0.815460692812,0.0,0.0,0.0
2015-09-08 16:36:00,69,0.857457586397,0.0,0.0,0.0
2015-09-08 16:41:00,64,0.83485932058,0.0,0.0,0.0
2015-09-08 16:56:00,69,0.842493719601,0.0,0.0,0.0
2015-09-08 17:11:00,65,0.843868781017,0.0,0.0,0.0
2015-09-08 17:16:00,68,0.840963791528,0.0,0.0,0.0
2015-09-08 17:21:00,67,0.854403419656,0.0,0.0,0.0
2015-09-08 17:26:00,69,0.864941033489,0.0,0.0,0.0
2015-09-08 17:31:00,66,0.852878659025,0.0,0.0,0.0
2015-09-08 17:36:00,69,0.857457586397,0.0,0.0,0.0
2015-09-08 17:41:00,66,0.852878659025,0.0,0.0,0.0
2015-09-08 17:46:00,65,0.821414838188,0.0,0.0,0.0
2015-09-08 17:51:00,66,0.822942260835,0.0,0.0,0.0
2015-09-08 17:56:00,65,0.821414838188,0.0,0.0,0.0
2015-09-08 17:57:00,64,0.804922504819,0.0,0.0,0.0
2015-09-08 18:36:00,70,0.851505581072,0.0,0.0,0.0
2015-09-08 18:46:00,69,0.887397377351,0.0,0.0,0.0
2015-09-08 18:51:00,66,0.852878659025,0.0,0.0,0.0
2015-09-08 18:56:00,68,0.84844624689,0.0,0.0,0.0
2015-09-08 19:06:00,71,0.890449299647,0.0,0.0,0.0
2015-09-08 20:11:00,63,0.840824896963,0.0,0.0,0.0
2015-09-08 20:31:00,67,0.816990568688,0.0,0.0,0.0
2015-09-08 20:41:00,62,0.801870895701,0.0,0.0,0.0
2015-09-08 20:51:00,64,0.782479888605,0.0,0.0,0.0
2015-09-08 21:01:00,59,0.752397705927,0.0,0.0,0.0
2015-09-08 21:06:00,65,0.769055240837,0.0,0.0,0.0
2015-09-08 21:31:00,58,0.750872266743,0.0,0.0,0.0
2015-09-08 21:41:00,64,0.752568596873,0.0,0.0,0.0
2015-09-08 22:31:00,63,0.788431371966,0.0,0.0,0.0
2015-09-08 22:41:00,66,0.807979959931,0.0,0.0,0.0
2015-09-08 23:16:00,66,0.830424924982,0.0,0.0,0.0
2015-09-08 23:31:00,60,0.776370459,0.0,0.0,0.0
2015-09-09 00:06:00,57,0.704462847844,0.0,0.0,0.0
2015-09-09 01:16:00,58,0.691039244004,0.0,0.0,0.0
2015-09-09 07:34:00,69,0.797623363141,0.0,0.0,0.0
2015-09-09 09:20:00,70,0.888922555554,0.0,0.0,0.0
2015-09-09 09:58:00,66,0.860365342293,0.0,0.0,0.0
2015-09-09 10:23:00,68,0.84844624689,0.0,0.0,0.0
2015-09-09 10:33:00,65,0.83638308948,0.0,0.0,0.0
2015-09-09 10:38:00,68,0.840963791528,0.0,0.0,0.0
2015-09-09 10:43:00,68,0.863414237199,0.0,0.0,0.0
2015-09-09 10:48:00,70,0.881437177195,0.0,0.0,0.0
2015-09-09 10:53:00,67,0.869375637872,0.0,0.0,0.0
2015-09-09 11:03:00,73,0.90099067162,0.0,0.0,0.0
2015-09-09 11:08:00,77,0.981968656387,0.0,0.0,0.0
2015-09-09 11:13:00,75,0.993909622074,0.0,0.0,0.0
2015-09-09 11:18:00,71,0.942869810173,0.0,0.0,0.0
2015-09-09 11:23:00,73,0.930934064124,0.0,0.0,0.0
2015-09-09 11:43:00,68,0.900852455607,0.0,0.0,0.0
2015-09-09 11:48:00,58,0.773324487091,0.0,0.0,0.0
2015-09-09 12:03:00,65,0.761578735863,0.0,0.0,0.0
2015-09-09 12:13:00,65,0.813932174041,0.0,0.0,0.0
2015-09-09 12:33:00,65,0.813932174041,0.0,0.0,0.0
2015-09-09 12:48:00,66,0.822942260835,0.0,0.0,0.0
2015-09-09 13:08:00,74,0.90252106946,0.0,0.0,0.0
2015-09-09 13:33:00,64,0.87230385475,0.0,0.0,0.0
2015-09-09 13:38:00,68,0.833482275702,0.0,0.0,0.0
2015-09-09 13:43:00,65,0.83638308948,0.0,0.0,0.0
2015-09-09 13:48:00,69,0.849975131035,0.0,0.0,0.0
2015-09-09 13:53:00,70,0.888922555554,0.0,0.0,0.0
2015-09-09 13:58:00,64,0.842346056044,0.0,0.0,0.0
2015-09-09 14:08:00,65,0.806450501625,0.0,0.0,0.0
2015-09-09 14:13:00,67,0.831952817396,0.0,0.0,0.0
2015-09-09 14:38:00,68,0.855929746179,0.0,0.0,0.0
2015-09-09 14:48:00,66,0.845393071881,0.0,0.0,0.0
2015-09-09 14:53:00,63,0.80339596951,0.0,0.0,0.0
2015-09-09 15:03:00,68,0.826001647213,0.0,0.0,0.0
2015-09-09 15:08:00,68,0.863414237199,0.0,0.0,0.0
2015-09-09 15:13:00,73,0.908474901658,0.0,0.0,0.0
2015-09-09 15:18:00,79,1.0,0.0,0.0,0.0
2015-09-09 15:23:00,64,0.909777618892,0.0,0.0,0.0
2015-09-09 15:28:00,67,0.824471249373,0.0,0.0,0.0
2015-09-09 15:38:00,62,0.801870895701,0.0,0.0,0.0
2015-09-09 15:43:00,68,0.818521906064,0.0,0.0,0.0
2015-09-09 15:48:00,70,0.881437177195,0.0,0.0,0.0
2015-09-09 16:08:00,67,0.869375637872,0.0,0.0,0.0
2015-09-09 16:13:00,70,0.873952842764,0.0,0.0,0.0
2015-09-09 16:23:00,65,0.851355464285,0.0,0.0,0.0
2015-09-09 16:33:00,67,0.831952817396,0.0,0.0,0.0
2015-09-09 16:43:00,71,0.882964860823,0.0,0.0,0.0
2015-09-09 16:48:00,69,0.894885052351,0.0,0.0,0.0
2015-09-09 16:53:00,64,0.83485932058,0.0,0.0,0.0
2015-09-09 16:58:00,63,0.788431371966,0.0,0.0,0.0
2015-09-09 17:03:00,62,0.771941387433,0.0,0.0,0.0
2015-09-09 17:08:00,55,0.701407480587,0.0,0.0,0.0
2015-09-09 17:13:00,48,0.586023417279,0.0,0.0,0.0
2015-09-09 17:18:00,56,0.605766280168,0.0,0.0,0.0
2015-09-09 17:23:00,51,0.620515515452,0.0,0.0,0.0
2015-09-09 17:28:00,60,0.664213645626,0.0,0.0,0.0
2015-09-09 17:33:00,43,0.578388861668,0.0,0.0,0.0
2015-09-09 17:38:00,62,0.622476794403,0.0,0.0,0.0
2015-09-09 17:43:00,70,0.836545420219,0.0,0.0,0.0
2015-09-09 17:48:00,65,0.851355464285,0.0,0.0,0.0
2015-09-09 17:58:00,70,0.858986992506,0.0,0.0,0.0
2015-09-09 18:03:00,67,0.869375637872,0.0,0.0,0.0
2015-09-09 18:13:00,70,0.873952842764,0.0,0.0,0.0
2015-09-09 18:18:00,67,0.869375637872,0.0,0.0,0.0
2015-09-09 18:23:00,69,0.864941033489,0.0,0.0,0.0
2015-09-09 18:28:00,69,0.879910955065,0.0,0.0,0.0
2015-09-09 18:38:00,68,0.870899772147,0.0,0.0,0.0
2015-09-09 18:43:00,67,0.854403419656,0.0,0.0,0.0
2015-09-09 19:03:00,66,0.837908476468,0.0,0.0,0.0
2015-09-09 19:38:00,63,0.80339596951,0.0,0.0,0.0
2015-09-09 19:48:00,68,0.826001647213,0.0,0.0,0.0
2015-09-09 20:03:00,68,0.863414237199,0.0,0.0,0.0
2015-09-09 20:13:00,65,0.83638308948,0.0,0.0,0.0
2015-09-09 20:18:00,60,0.768887481675,0.0,0.0,0.0
2015-09-09 20:23:00,65,0.776532580954,0.0,0.0,0.0
2015-09-09 20:38:00,64,0.804922504819,0.0,0.0,0.0
2015-09-09 20:58:00,57,0.734382960763,0.0,0.0,0.0
2015-09-09 21:13:00,57,0.682031558244,0.0,0.0,0.0
2015-09-09 21:28:00,62,0.727073484203,0.0,0.0,0.0
2015-09-09 21:33:00,55,0.701407480587,0.0,0.0,0.0
2015-09-09 21:48:00,61,0.703114406582,0.0,0.0,0.0
2015-09-09 21:53:00,61,0.747973332035,0.0,0.0,0.0
2015-09-09 22:33:00,58,0.720949074237,0.0,0.0,0.0
2015-09-09 22:41:00,65,0.761578735863,0.0,0.0,0.0
2015-09-09 23:38:00,65,0.813932174041,0.0,0.0,0.0
2015-09-09 23:53:00,62,0.786904210301,0.0,0.0,0.0
2015-09-10 05:33:00,68,0.818521906064,0.0,0.0,0.0
2015-09-10 05:45:00,61,0.800347335586,0.0,0.0,0.0
2015-09-10 08:00:00,62,0.756982113919,0.0,0.0,0.0
2015-09-10 08:18:00,73,0.863583979825,0.0,0.0,0.0
2015-09-10 08:33:00,70,0.918874925835,0.0,0.0,0.0
2015-09-10 08:43:00,65,0.851355464285,0.0,0.0,0.0
2015-09-10 08:53:00,65,0.813932174041,0.0,0.0,0.0
2015-09-10 09:13:00,61,0.777895689399,0.0,0.0,0.0
2015-09-10 09:23:00,64,0.775000826008,0.0,0.0,0.0
2015-09-10 09:28:00,62,0.779422381296,0.0,0.0,0.0
2015-09-10 09:48:00,75,0.881612139458,0.0,0.0,0.0
2015-09-10 09:52:00,66,0.897815043905,0.0,0.0,0.0
2015-09-10 10:02:00,71,0.87548157032,0.0,0.0,0.0
2015-09-10 10:07:00,66,0.867853069489,0.0,0.0,0.0
2015-09-10 10:22:00,67,0.83943537715,0.0,0.0,0.0
2015-09-10 10:27:00,65,0.828898494067,0.0,0.0,0.0
2015-09-10 10:32:00,67,0.831952817396,0.0,0.0,0.0
2015-09-10 10:42:00,67,0.846918928636,0.0,0.0,0.0
2015-09-10 10:47:00,65,0.828898494067,0.0,0.0,0.0
2015-09-10 10:52:00,68,0.840963791528,0.0,0.0,0.0
2015-09-10 11:27:00,64,0.827373576846,0.0,0.0,0.0
2015-09-10 11:37:00,72,0.869530661119,0.0,0.0,0.0
2015-09-10 11:42:00,62,0.839305251577,0.0,0.0,0.0
2015-09-10 11:47:00,72,0.850457060205,0.0,0.0,0.0
2015-09-10 11:52:00,72,0.920731237868,0.0,0.0,0.0
2015-09-10 11:57:00,68,0.880088109576,0.0,0.0,0.0
2015-09-10 12:07:00,64,0.809550653376,0.0,0.0,0.0
2015-09-10 12:12:00,63,0.766088033265,0.0,0.0,0.0
2015-09-10 12:37:00,65,0.772071356417,0.0,0.0,0.0
2015-09-10 12:42:00,72,0.845466355597,0.0,0.0,0.0
2015-09-10 12:57:00,67,0.848101542001,0.0,0.0,0.0
2015-09-10 13:07:00,66,0.797175413814,0.0,0.0,0.0
2015-09-10 13:17:00,71,0.830134556524,0.0,0.0,0.0
2015-09-10 13:32:00,71,0.862806201577,0.0,0.0,0.0
2015-09-10 13:42:00,67,0.822178419021,0.0,0.0,0.0
2015-09-10 13:47:00,68,0.796755546139,0.0,0.0,0.0
2015-09-10 14:02:00,65,0.772602506773,0.0,0.0,0.0
2015-09-10 14:07:00,70,0.790652327904,0.0,0.0,0.0
2015-09-10 14:17:00,71,0.832234938826,0.0,0.0,0.0
2015-09-10 14:32:00,65,0.781072308845,0.0,0.0,0.0
2015-09-10 14:37:00,69,0.767810044014,0.0,0.0,0.0
2015-09-10 14:42:00,69,0.79291295309,0.0,0.0,0.0
2015-09-10 14:47:00,69,0.788276870683,0.0,0.0,0.0
2015-09-10 14:57:00,69,0.783637030137,0.0,0.0,0.0
2015-09-10 15:02:00,71,0.796973831397,0.0,0.0,0.0
2015-09-10 15:07:00,64,0.744251573603,0.0,0.0,0.0
2015-09-10 15:12:00,64,0.687701442139,0.0,0.0,0.0
2015-09-10 15:17:00,66,0.701057138489,0.0,0.0,0.0
2015-09-10 15:22:00,76,0.80111363063,0.0,0.0,0.0
2015-09-10 15:27:00,64,0.762740000909,0.0,0.0,0.0
2015-09-10 15:32:00,67,0.696131261784,0.0,0.0,0.0
2015-09-10 15:37:00,64,0.686749067003,0.0,0.0,0.0
2015-09-10 15:42:00,70,0.713805686555,0.0,0.0,0.0
2015-09-10 15:47:00,70,0.75352024126,0.0,0.0,0.0
2015-09-10 15:52:00,68,0.730884341854,0.0,0.0,0.0
2015-09-10 15:57:00,69,0.7204061275,0.0,0.0,0.0
2015-09-10 16:02:00,68,0.71414266638,0.0,0.0,0.0
2015-09-10 16:12:00,68,0.702082692949,0.0,0.0,0.0
2015-09-10 16:17:00,69,0.706381795531,0.0,0.0,0.0
2015-09-10 16:22:00,63,0.65524453299,0.0,0.0,0.0
2015-09-10 16:27:00,67,0.64223208003,0.0,0.0,0.0
2015-09-10 16:32:00,66,0.658070914732,0.0,0.0,0.0
2015-09-10 16:37:00,68,0.66397025391,0.0,0.0,0.0
2015-09-10 16:42:00,66,0.656079048702,0.0,0.0,0.0
2015-09-10 16:47:00,67,0.645640816775,0.0,0.0,0.0
2015-09-10 16:52:00,67,0.648313636769,0.0,0.0,0.0
2015-09-10 16:57:00,68,0.65258867682,0.0,0.0,0.0
2015-09-10 17:02:00,64,0.61938807366,0.0,0.0,0.0
2015-09-10 17:07:00,67,0.612199014146,0.0,0.0,0.0
2015-09-10 17:12:00,62,0.584736411155,0.0,0.0,0.0
2015-09-10 17:17:00,67,0.588158666762,0.0,0.0,0.0
2015-09-10 17:22:00,66,0.611192250383,0.0,0.0,0.0
2015-09-10 17:32:00,66,0.599153677467,0.0,0.0,0.0
2015-09-10 17:37:00,67,0.6034073692,0.0,0.0,0.0
2015-09-10 17:42:00,62,0.561248092679,0.0,0.0,0.0
2015-09-10 17:47:00,63,0.528886963886,0.0,0.0,0.0
2015-09-10 17:52:00,66,0.558379901638,0.0,0.0,0.0
2015-09-10 18:07:00,69,0.602489809048,0.0,0.0,0.0
2015-09-10 18:12:00,70,0.628665980075,0.0,0.0,0.0
2015-09-10 18:17:00,70,0.631231484313,0.0,0.0,0.0
2015-09-10 18:22:00,67,0.599618381832,0.0,0.0,0.0
2015-09-10 18:37:00,66,0.563991221195,0.0,0.0,0.0
2015-09-10 18:42:00,68,0.56984635004,0.0,0.0,0.0
2015-09-10 18:47:00,71,0.606548129733,0.0,0.0,0.0
2015-09-10 18:52:00,62,0.543173112893,0.0,0.0,0.0
2015-09-10 18:57:00,68,0.526445948013,0.0,0.0,0.0
2015-09-10 19:32:00,62,0.511783045541,0.0,0.0,0.0
2015-09-10 19:37:00,64,0.481213714056,0.0,0.0,0.0
2015-09-10 19:47:00,69,0.535750526779,0.0,0.0,0.0
2015-09-10 19:57:00,63,0.513757947747,0.0,0.0,0.0
2015-09-10 20:02:00,64,0.474277024036,0.0,0.0,0.0
2015-09-10 21:02:00,62,0.458934159331,0.0,0.0,0.0
2015-09-10 21:12:00,69,0.502214822863,0.0,0.0,0.0
2015-09-10 21:27:00,65,0.512574186061,0.0,0.0,0.0
2015-09-10 21:57:00,56,0.398353345164,0.0,0.0,0.0
2015-09-10 22:12:00,64,0.399778019238,0.0,0.0,0.0
2015-09-10 23:42:00,70,0.506646556446,0.0,0.0,0.0
2015-09-10 23:47:00,61,0.465018482477,0.0,0.0,0.0
2015-09-11 05:27:00,64,0.421768275531,0.0,0.0,0.0
2015-09-11 05:47:00,68,0.474452821441,0.0,0.0,0.0
2015-09-11 06:17:00,65,0.471857408678,0.0,0.0,0.0
2015-09-11 06:37:00,70,0.489969343501,0.0,0.0,0.0
2015-09-11 06:42:00,65,0.476726339133,0.0,0.0,0.0
2015-09-11 06:57:00,65,0.435728901819,0.0,0.0,0.0
2015-09-11 07:07:00,70,0.475549571763,0.0,0.0,0.0
2015-09-11 07:12:00,73,0.533652493314,0.0,0.0,0.0
2015-09-11 07:32:00,69,0.51479326293,0.0,0.0,0.0
2015-09-11 07:42:00,68,0.472098347165,0.0,0.0,0.0
2015-09-11 08:12:00,65,0.433277968634,0.0,0.0,0.0
2015-09-11 08:42:00,68,0.433557741227,0.0,0.0,0.0
2015-09-11 08:47:00,69,0.459275575847,0.0,0.0,0.0
2015-09-11 09:12:00,71,0.479467379794,0.0,0.0,0.0
2015-09-11 09:17:00,70,0.480098538413,0.0,0.0,0.0
2015-09-11 09:27:00,64,0.414535605943,0.0,0.0,0.0
2015-09-11 09:32:00,68,0.402142228139,0.0,0.0,0.0
2015-09-11 09:37:00,70,0.443889127165,0.0,0.0,0.0
2015-09-11 09:52:00,66,0.417761237789,0.0,0.0,0.0
2015-09-11 09:57:00,71,0.428680511547,0.0,0.0,0.0
2015-09-11 10:07:00,68,0.433003885446,0.0,0.0,0.0
2015-09-11 10:27:00,63,0.362037531598,0.0,0.0,0.0
2015-09-11 10:39:00,66,0.348014687226,0.0,0.0,0.0
2015-09-11 10:49:00,65,0.355764831719,0.0,0.0,0.0
2015-09-11 11:19:00,69,0.379339483006,0.0,0.0,0.0
2015-09-11 11:29:00,70,0.412021723924,0.0,0.0,0.0
2015-09-11 11:34:00,67,0.387575393103,0.0,0.0,0.0
2015-09-11 11:39:00,63,0.325597673336,0.0,0.0,0.0
2015-09-11 11:44:00,68,0.33659124864,0.0,0.0,0.0
2015-09-11 11:54:00,71,0.39414451622,0.0,0.0,0.0
2015-09-11 12:04:00,60,0.352962825686,0.0,0.0,0.0
2015-09-11 12:14:00,81,0.421411956948,0.0,0.0,0.0
2015-09-11 12:39:00,69,0.460397589216,0.0,0.0,0.0
2015-09-11 12:44:00,71,0.387386990272,0.0,0.0,0.0
2015-09-11 12:49:00,64,0.334488647992,0.0,0.0,0.0
2015-09-11 12:54:00,65,0.28850656085,0.0,0.0,0.0
2015-09-11 12:59:00,69,0.326288753398,0.0,0.0,0.0
2015-09-11 13:09:00,66,0.323209636788,0.0,0.0,0.0
2015-09-11 13:24:00,65,0.288016828321,0.0,0.0,0.0
2015-09-11 13:29:00,67,0.293747547096,0.0,0.0,0.0
2015-09-11 13:39:00,67,0.30304941165,0.0,0.0,0.0
2015-09-11 13:44:00,66,0.289225983546,0.0,0.0,0.0
2015-09-11 13:49:00,69,0.303822048554,0.0,0.0,0.0
2015-09-11 13:54:00,70,0.329069150129,0.0,0.0,0.0
2015-09-11 14:04:00,65,0.30938221566,0.0,0.0,0.0
2015-09-11 14:14:00,68,0.278262812632,0.0,0.0,0.0
2015-09-11 14:19:00,68,0.295135213938,0.0,0.0,0.0
2015-09-11 14:24:00,66,0.280712623595,0.0,0.0,0.0
2015-09-11 14:29:00,67,0.267489114576,0.0,0.0,0.0
2015-09-11 14:39:00,66,0.270666099396,0.0,0.0,0.0
2015-09-11 14:44:00,67,0.26344522619,0.0,0.0,0.0
2015-09-11 14:54:00,66,0.271267506078,0.0,0.0,0.0
2015-09-11 14:59:00,65,0.269278380359,0.0,0.0,0.0
2015-09-11 15:09:00,69,0.270932066047,0.0,0.0,0.0
2015-09-11 15:14:00,69,0.29491418837,0.0,0.0,0.0
2015-09-11 15:19:00,70,0.298859477795,0.0,0.0,0.0
2015-09-11 15:24:00,67,0.296501428067,0.0,0.0,0.0
2015-09-11 15:29:00,68,0.26228978104,0.0,0.0,0.0
2015-09-11 15:34:00,64,0.302412824609,-1.0,-2.0,-1.0
2015-09-11 15:39:00,66,0.24181575127,0.0,0.0,0.0
2015-09-11 15:44:00,66,0.262837112273,0.0,0.0,0.0
2015-09-11 15:49:00,62,0.298008024358,0.0,0.0,0.0
2015-09-11 15:54:00,66,0.21955673582,0.0,0.0,0.0
2015-09-11 15:59:00,60,0.315124939602,0.0,0.0,0.0
2015-09-11 16:04:00,66,0.197605731204,0.0,0.0,0.0
2015-09-11 16:09:00,68,0.256586021695,0.0,0.0,0.0
2015-09-11 16:14:00,64,0.301128506598,0.0,0.0,0.0
2015-09-11 16:19:00,66,0.240534591141,0.0,0.0,0.0
2015-09-11 16:24:00,60,0.314790856677,0.0,0.0,0.0
2015-09-11 16:29:00,70,0.229610254334,0.0,0.0,0.0
2015-09-11 16:34:00,65,0.313538117476,0.0,0.0,0.0
2015-09-11 16:39:00,59,0.313269462712,0.0,0.0,0.0
2015-09-11 16:44:00,23,0.568053769787,0.0,0.0,0.0
2015-09-11 16:49:00,52,0.182100744545,0.0,0.0,0.0
2015-09-11 16:54:00,56,0.199899553288,0.0,0.0,0.0
2015-09-11 16:59:00,67,0.177991427997,0.0,0.0,0.0
2015-09-11 17:04:00,63,0.29815834993,0.0,0.0,0.0
2015-09-11 17:09:00,61,0.273063896667,0.0,0.0,0.0
2015-09-11 17:14:00,65,0.215946233971,0.0,0.0,0.0
2015-09-11 17:19:00,63,0.27602922517,0.0,0.0,0.0
2015-09-11 17:24:00,62,0.26327712775,0.0,0.0,0.0
2015-09-11 17:29:00,66,0.216801941413,0.0,0.0,0.0
2015-09-11 17:34:00,62,0.294633371849,0.0,0.0,0.0
2015-09-11 17:39:00,70,0.248590319336,0.0,0.0,0.0
2015-09-11 17:44:00,68,0.284459149208,0.0,0.0,0.0
2015-09-11 17:49:00,69,0.278345804875,0.0,0.0,0.0
2015-09-11 17:54:00,69,0.281010638823,0.0,0.0,0.0
2015-09-11 17:59:00,69,0.276080325426,0.0,0.0,0.0
2015-09-11 18:04:00,64,0.311752192261,0.0,0.0,0.0
2015-09-11 18:09:00,68,0.227095772057,0.0,0.0,0.0
2015-09-11 18:11:00,70,0.268775572637,0.0,0.0,0.0
2015-09-11 18:16:00,65,0.315063400071,0.0,0.0,0.0
2015-09-11 18:21:00,70,0.242924141384,0.0,0.0,0.0
2015-09-11 18:26:00,67,0.297932965965,0.0,0.0,0.0
2015-09-11 18:31:00,64,0.29236528258,0.0,0.0,0.0
2015-09-11 18:36:00,67,0.233458145315,0.0,0.0,0.0
2015-09-11 18:41:00,67,0.2651245403,0.0,0.0,0.0
2015-09-11 18:51:00,68,0.255930435171,0.0,0.0,0.0
2015-09-11 18:56:00,68,0.266269206897,0.0,0.0,0.0
2015-09-11 19:01:00,68,0.265949164798,0.0,0.0,0.0
2015-09-11 19:26:00,63,0.31001060787,0.0,0.0,0.0
2015-09-11 19:41:00,62,0.265280294296,0.0,0.0,0.0
2015-09-11 19:46:00,69,0.216012027507,0.0,0.0,0.0
2015-09-11 20:01:00,61,0.338577085988,0.0,0.0,0.0
2015-09-11 20:06:00,58,0.279723658797,0.0,0.0,0.0
2015-09-11 20:16:00,61,0.220827691557,0.0,0.0,0.0
2015-09-11 20:26:00,63,0.234759427149,0.0,0.0,0.0
2015-09-11 20:36:00,62,0.264647073921,0.0,0.0,0.0
2015-09-11 20:46:00,66,0.21817107854,0.0,0.0,0.0
2015-09-11 20:51:00,65,0.269367088105,0.0,0.0,0.0
2015-09-11 21:01:00,60,0.302787699005,0.0,0.0,0.0
2015-09-11 21:21:00,64,0.213684147286,0.0,0.0,0.0
2015-09-11 21:51:00,59,0.300396347986,0.0,0.0,0.0
2015-09-11 21:56:00,56,0.273437048583,0.0,0.0,0.0
2015-09-11 21:59:00,47,0.321027201778,0.0,0.0,0.0
2015-09-11 22:16:00,60,0.109409952816,0.0,0.0,0.0
2015-09-11 22:41:00,56,0.283213326028,0.0,0.0,0.0
2015-09-11 23:41:00,57,0.231410272571,0.0,0.0,0.0
2015-09-12 00:16:00,79,0.277865128418,0.0,0.0,0.0
2015-09-12 00:46:00,62,0.432470490646,0.0,0.0,0.0
2015-09-12 02:56:00,64,0.233461251,0.0,0.0,0.0
2015-09-12 03:41:00,58,0.3077569509,0.0,0.0,0.0
2015-09-12 05:06:00,78,0.273865032795,0.0,0.0,0.0
2015-09-12 06:51:00,75,0.38521669092,0.0,0.0,0.0
2015-09-12 07:11:00,71,0.323290384587,0.0,0.0,0.0
2015-09-12 07:41:00,70,0.280912927201,0.0,0.0,0.0
2015-09-12 07:51:00,73,0.295454264306,0.0,0.0,0.0
2015-09-12 08:01:00,70,0.301239658788,0.0,0.0,0.0
2015-09-12 08:16:00,70,0.269084079337,0.0,0.0,0.0
2015-09-12 08:46:00,80,0.353879446303,0.0,0.0,0.0
2015-09-12 08:56:00,66,0.411606292942,0.0,0.0,0.0
2015-09-12 09:16:00,68,0.244518427592,0.0,0.0,0.0
2015-09-12 09:21:00,76,0.300970586453,0.0,0.0,0.0
2015-09-12 09:26:00,66,0.369302693432,0.0,0.0,0.0
2015-09-12 09:56:00,69,0.235927268939,0.0,0.0,0.0
2015-09-12 10:06:00,69,0.267583433433,0.0,0.0,0.0
2015-09-12 10:16:00,70,0.258381968615,0.0,0.0,0.0
2015-09-12 10:46:00,72,0.27836621366,0.0,0.0,0.0
2015-09-12 10:51:00,67,0.317466834551,0.0,0.0,0.0
2015-09-12 10:56:00,71,0.244157750612,0.0,0.0,0.0
2015-09-12 11:06:00,64,0.334053408484,0.0,0.0,0.0
2015-09-12 11:31:00,67,0.232630545624,0.0,0.0,0.0
2015-09-12 11:41:00,75,0.276505360542,0.0,0.0,0.0
2015-09-12 11:46:00,68,0.341437865143,0.0,0.0,0.0
2015-09-12 12:06:00,67,0.275541554399,0.0,0.0,0.0
2015-09-12 12:11:00,71,0.237840579417,0.0,0.0,0.0
2015-09-12 12:16:00,65,0.325752539993,0.0,0.0,0.0
2015-09-12 12:26:00,67,0.24386195373,0.0,0.0,0.0
2015-09-12 12:31:00,77,0.288013200673,0.0,0.0,0.0
2015-09-12 12:36:00,67,0.372192337185,0.0,0.0,0.0
2015-09-12 12:46:00,67,0.265462120383,0.0,0.0,0.0
2015-09-12 12:51:00,68,0.256276027398,0.0,0.0,0.0
2015-09-12 13:06:00,70,0.248850335599,0.0,0.0,0.0
2015-09-12 13:11:00,67,0.296479088017,0.0,0.0,0.0
2015-09-12 13:16:00,62,0.308599818033,0.0,0.0,0.0
2015-09-12 13:21:00,67,0.210616435585,0.0,0.0,0.0
2015-09-12 13:36:00,67,0.263575195174,0.0,0.0,0.0
2015-09-12 13:41:00,65,0.281023766212,0.0,0.0,0.0
2015-09-12 14:16:00,73,0.241561659296,0.0,0.0,0.0
2015-09-12 14:21:00,69,0.309874297026,0.0,0.0,0.0
2015-09-12 14:31:00,70,0.258182056482,0.0,0.0,0.0
2015-09-12 14:41:00,70,0.26852181994,0.0,0.0,0.0
2015-09-12 14:56:00,69,0.277086958698,0.0,0.0,0.0
2015-09-12 15:01:00,72,0.259869278344,0.0,0.0,0.0
2015-09-12 15:11:00,70,0.289981526135,0.0,0.0,0.0
2015-09-12 15:16:00,64,0.32177723765,0.0,0.0,0.0
2015-09-12 15:21:00,68,0.222035463577,0.0,0.0,0.0
2015-09-12 15:31:00,66,0.28209561886,0.0,0.0,0.0
2015-09-12 15:36:00,72,0.237219077129,0.0,0.0,0.0
2015-09-12 15:41:00,71,0.280740835738,0.0,0.0,0.0
2015-09-12 15:46:00,68,0.296541828064,0.0,0.0,0.0
2015-09-12 15:51:00,66,0.282059472868,0.0,0.0,0.0
2015-09-12 15:56:00,70,0.224901984334,0.0,0.0,0.0
2015-09-12 16:01:00,68,0.284952665974,0.0,0.0,0.0
2015-09-12 16:11:00,65,0.290000577814,0.0,0.0,0.0
2015-09-12 16:16:00,72,0.230648962281,0.0,0.0,0.0
2015-09-12 16:21:00,65,0.333063164874,0.0,0.0,0.0
2015-09-12 16:31:00,71,0.217783964093,0.0,0.0,0.0
2015-09-12 16:36:00,65,0.32301426574,0.0,0.0,0.0
2015-09-12 16:41:00,64,0.267804980965,0.0,0.0,0.0
2015-09-12 16:46:00,69,0.212425744778,0.0,0.0,0.0
2015-09-12 16:51:00,68,0.274242490911,0.0,0.0,0.0
2015-09-12 16:56:00,72,0.246692406789,0.0,0.0,0.0
2015-09-12 17:01:00,71,0.279994688496,0.0,0.0,0.0
2015-09-12 17:06:00,69,0.286917781359,0.0,0.0,0.0
2015-09-12 17:21:00,71,0.24753861449,0.0,0.0,0.0
2015-09-12 17:46:00,69,0.286289989408,0.0,0.0,0.0
2015-09-12 18:21:00,73,0.261444408481,0.0,0.0,0.0
2015-09-12 18:41:00,70,0.299169445993,0.0,0.0,0.0
2015-09-12 19:01:00,68,0.284806855389,0.0,0.0,0.0
2015-09-12 19:21:00,62,0.316534085253,0.0,0.0,0.0
2015-09-12 19:26:00,69,0.190124371967,0.0,0.0,0.0
2015-09-12 19:46:00,72,0.251253535196,0.0,0.0,0.0
2015-09-12 19:51:00,65,0.332625393841,0.0,0.0,0.0
2015-09-12 20:06:00,60,0.302334216861,0.0,0.0,0.0
2015-09-12 20:31:00,62,0.231025506961,0.0,0.0,0.0
2015-09-12 20:51:00,66,0.216471903707,0.0,0.0,0.0
2015-09-12 21:21:00,68,0.240971422639,0.0,0.0,0.0
2015-09-12 21:36:00,63,0.306398722817,0.0,0.0,0.0
2015-09-12 21:51:00,70,0.191142279657,0.0,0.0,0.0
2015-09-12 22:46:00,74,0.272316601105,0.0,0.0,0.0
2015-09-12 23:01:00,62,0.380517346501,0.0,0.0,0.0
2015-09-12 23:06:00,59,0.2792421211,0.0,0.0,0.0
2015-09-12 23:31:00,59,0.247005532868,0.0,0.0,0.0
2015-09-13 06:31:00,62,0.22004991331,0.0,0.0,0.0
2015-09-13 07:51:00,70,0.180572173578,0.0,0.0,0.0
2015-09-13 08:01:00,62,0.336545811692,0.0,0.0,0.0
2015-09-13 08:26:00,67,0.206630902752,0.0,0.0,0.0
2015-09-13 09:21:00,69,0.241758648431,0.0,0.0,0.0
2015-09-13 09:26:00,72,0.249093022665,0.0,0.0,0.0
2015-09-13 09:41:00,67,0.313232168399,0.0,0.0,0.0
2015-09-13 10:06:00,69,0.242033775546,0.0,0.0,0.0
2015-09-13 10:11:00,72,0.245969121562,0.0,0.0,0.0
2015-09-13 10:16:00,65,0.3313026071,0.0,0.0,0.0
2015-09-13 10:46:00,76,0.249000034815,0.0,0.0,0.0
2015-09-13 10:51:00,67,0.356674614609,0.0,0.0,0.0
2015-09-13 10:56:00,72,0.223657779241,0.0,0.0,0.0
2015-09-13 11:06:00,70,0.288040447183,0.0,0.0,0.0
2015-09-13 11:11:00,65,0.311008680936,0.0,0.0,0.0
2015-09-13 11:26:00,71,0.204136124608,0.0,0.0,0.0
2015-09-13 11:31:00,69,0.285464660259,0.0,0.0,0.0
2015-09-13 11:46:00,64,0.308329075414,0.0,0.0,0.0
2015-09-13 11:51:00,67,0.228128555715,0.0,0.0,0.0
2015-09-13 11:56:00,69,0.241958247385,0.0,0.0,0.0
2015-09-13 12:06:00,66,0.289610670861,0.0,0.0,0.0
2015-09-13 12:21:00,73,0.227702320082,0.0,0.0,0.0
2015-09-13 12:26:00,70,0.297061625707,0.0,0.0,0.0
2015-09-13 12:31:00,66,0.300519296558,0.0,0.0,0.0
2015-09-13 12:41:00,66,0.257656412845,0.0,0.0,0.0
2015-09-13 12:53:00,66,0.257348349814,0.0,0.0,0.0
2015-09-13 12:58:00,70,0.221453030279,0.0,0.0,0.0
2015-09-13 13:03:00,67,0.290387927145,0.0,0.0,0.0
2015-09-13 13:08:00,72,0.226469441604,0.0,0.0,0.0
2015-09-13 13:13:00,69,0.294343081686,0.0,0.0,0.0
2015-09-13 13:18:00,66,0.288916145838,0.0,0.0,0.0
2015-09-13 13:23:00,68,0.238905568242,0.0,0.0,0.0
2015-09-13 13:28:00,65,0.286565116523,0.0,0.0,0.0
2015-09-13 13:38:00,67,0.236546317997,0.0,0.0,0.0
2015-09-13 13:43:00,64,0.284208032428,0.0,0.0,0.0
2015-09-13 13:53:00,66,0.234191321757,0.0,0.0,0.0
2015-09-13 13:58:00,68,0.237362460583,0.0,0.0,0.0
2015-09-13 14:13:00,68,0.258325831409,0.0,0.0,0.0
2015-09-13 14:23:00,67,0.266916311509,0.0,0.0,0.0
2015-09-13 14:28:00,59,0.327163147143,0.0,0.0,0.0
2015-09-13 14:38:00,64,0.197270421664,0.0,0.0,0.0
2015-09-13 14:48:00,67,0.223457971502,0.0,0.0,0.0
2015-09-13 14:53:00,65,0.272862627429,0.0,0.0,0.0
2015-09-13 15:13:00,67,0.23348301689,0.0,0.0,0.0
2015-09-13 15:23:00,66,0.263348532397,0.0,0.0,0.0
2015-09-13 15:28:00,68,0.234600332585,0.0,0.0,0.0
2015-09-13 15:33:00,66,0.273367783988,0.0,0.0,0.0
2015-09-13 15:38:00,72,0.230580324042,0.0,0.0,0.0
2015-09-13 15:43:00,71,0.271831670644,0.0,0.0,0.0
2015-09-13 15:48:00,69,0.278810770222,0.0,0.0,0.0
2015-09-13 16:03:00,61,0.328484159208,0.0,0.0,0.0
2015-09-13 16:08:00,67,0.189696152871,0.0,0.0,0.0
2015-09-13 16:18:00,66,0.262097933248,0.0,0.0,0.0
2015-09-13 16:28:00,74,0.247976750898,0.0,0.0,0.0
2015-09-13 16:48:00,65,0.34587745428,0.0,0.0,0.0
2015-09-13 16:53:00,69,0.214385249053,0.0,0.0,0.0
2015-09-13 16:58:00,64,0.301144844065,0.0,0.0,0.0
2015-09-13 17:03:00,67,0.220969143745,0.0,0.0,0.0
2015-09-13 17:13:00,69,0.23474037547,0.0,0.0,0.0
2015-09-13 17:18:00,62,0.31804391772,0.0,0.0,0.0
2015-09-13 17:23:00,63,0.234426884017,0.0,0.0,0.0
2015-09-13 17:43:00,73,0.218848248266,0.0,0.0,0.0
2015-09-13 17:48:00,64,0.342902991411,0.0,0.0,0.0
2015-09-13 17:53:00,67,0.220327806833,0.0,0.0,0.0
2015-09-13 17:58:00,65,0.269741336145,0.0,0.0,0.0
2015-09-13 18:08:00,67,0.230363448087,0.0,0.0,0.0
2015-09-13 18:18:00,65,0.269136562796,0.0,0.0,0.0
2015-09-13 18:23:00,74,0.241696117169,0.0,0.0,0.0
2015-09-13 18:33:00,65,0.343983586953,0.0,0.0,0.0
2015-09-13 18:38:00,70,0.203595474511,0.0,0.0,0.0
2015-09-13 18:43:00,70,0.256433164598,0.0,0.0,0.0
2015-09-13 18:48:00,69,0.265037137463,0.0,0.0,0.0
2015-09-13 18:58:00,69,0.254103483602,0.0,0.0,0.0
2015-09-13 19:08:00,63,0.307267923023,0.0,0.0,0.0
2015-09-13 19:13:00,63,0.243210438524,0.0,0.0,0.0
2015-09-13 19:33:00,65,0.225090622049,0.0,0.0,0.0
2015-09-13 19:43:00,56,0.326239114641,0.0,0.0,0.0
2015-09-13 19:48:00,69,0.135441670363,0.0,0.0,0.0
2015-09-13 20:13:00,63,0.306824071112,0.0,0.0,0.0
2015-09-13 20:33:00,66,0.21614014352,0.0,0.0,0.0
2015-09-13 20:43:00,66,0.247728296132,0.0,0.0,0.0
2015-09-13 20:48:00,64,0.265256205667,0.0,0.0,0.0
2015-09-13 21:08:00,68,0.208048634707,0.0,0.0,0.0
2015-09-13 21:28:00,55,0.366110728251,0.0,0.0,0.0
2015-09-13 22:48:00,75,0.182141248935,0.0,0.0,0.0
2015-09-13 22:53:00,69,0.316121994839,0.0,0.0,0.0
2015-09-13 23:33:00,62,0.314608038858,0.0,0.0,0.0
2015-09-14 00:33:00,68,0.186464283557,0.0,0.0,0.0
2015-09-14 05:53:00,66,0.267738404483,0.0,0.0,0.0
2015-09-14 06:18:00,66,0.246193931367,0.0,0.0,0.0
2015-09-14 06:28:00,75,0.260956320139,0.0,0.0,0.0
2015-09-14 06:48:00,65,0.351152289879,0.0,0.0,0.0
2015-09-14 06:53:00,68,0.218005694312,0.0,0.0,0.0
2015-09-14 06:58:00,71,0.23659543479,0.0,0.0,0.0
2015-09-14 07:08:00,69,0.273292673398,0.0,0.0,0.0
2015-09-14 07:28:00,67,0.269690209791,0.0,0.0,0.0
2015-09-14 07:33:00,68,0.239237850392,0.0,0.0,0.0
2015-09-14 07:38:00,67,0.258475113053,0.0,0.0,0.0
2015-09-14 07:48:00,71,0.228037838408,0.0,0.0,0.0
2015-09-14 07:58:00,67,0.290798164587,0.0,0.0,0.0
2015-09-14 08:13:00,65,0.265958403557,0.0,0.0,0.0
2015-09-14 08:28:00,66,0.235509593512,0.0,0.0,0.0
2015-09-14 08:33:00,64,0.263669018166,0.0,0.0,0.0
2015-09-14 08:48:00,60,0.277798812919,0.0,0.0,0.0
2015-09-14 08:53:00,69,0.159194206912,0.0,0.0,0.0
2015-09-14 09:03:00,66,0.277850435138,0.0,0.0,0.0
2015-09-14 09:08:00,73,0.234275044749,0.0,0.0,0.0
2015-09-14 09:13:00,70,0.285223147612,0.0,0.0,0.0
2015-09-14 09:23:00,72,0.250246771432,0.0,0.0,0.0
2015-09-14 09:28:00,62,0.346537190416,0.0,0.0,0.0
2015-09-14 09:33:00,70,0.170661855831,0.0,0.0,0.0
2015-09-14 09:38:00,69,0.263459527998,0.0,0.0,0.0
2015-09-14 09:43:00,69,0.252641541313,0.0,0.0,0.0
2015-09-14 09:48:00,69,0.252346266396,0.0,0.0,0.0
2015-09-14 09:53:00,71,0.23419977757,0.0,0.0,0.0
2015-09-14 09:58:00,68,0.28189077417,0.0,0.0,0.0
2015-09-14 10:13:00,63,0.294328544994,0.0,0.0,0.0
2015-09-14 10:18:00,68,0.19633459278,0.0,0.0,0.0
2015-09-14 10:23:00,68,0.24913086504,0.0,0.0,0.0
2015-09-14 10:28:00,66,0.26667166708,0.0,0.0,0.0
2015-09-14 10:33:00,70,0.209445696897,0.0,0.0,0.0
2015-09-14 10:43:00,70,0.251607426647,0.0,0.0,0.0
2015-09-14 10:48:00,65,0.295919856009,0.0,0.0,0.0
2015-09-14 11:03:00,74,0.233682876826,0.0,0.0,0.0
2015-09-14 11:13:00,67,0.32099097749,0.0,0.0,0.0
2015-09-14 11:18:00,64,0.273259528697,0.0,0.0,0.0
2015-09-14 11:23:00,70,0.187649193563,0.0,0.0,0.0
2015-09-14 11:28:00,70,0.252040760988,0.0,0.0,0.0
2015-09-14 11:33:00,66,0.287536752123,0.0,0.0,0.0
2015-09-14 11:43:00,67,0.235860875144,0.0,0.0,0.0
2015-09-14 12:03:00,63,0.281870365386,0.0,0.0,0.0
2015-09-14 12:08:00,70,0.179068709069,0.0,0.0,0.0
2015-09-14 12:13:00,63,0.314172694957,0.0,0.0,0.0
2015-09-14 12:23:00,71,0.184080292229,0.0,0.0,0.0
2015-09-14 12:28:00,62,0.334281323974,0.0,0.0,0.0
2015-09-14 12:38:00,67,0.193932828584,0.0,0.0,0.0
2015-09-14 12:43:00,68,0.23780868743,0.0,0.0,0.0
2015-09-14 12:48:00,73,0.23581149737,0.0,0.0,0.0
2015-09-14 12:53:00,67,0.310884035983,0.0,0.0,0.0
2015-09-14 13:15:00,65,0.264849700265,0.0,0.0,0.0
2015-09-14 13:20:00,63,0.261175492735,0.0,0.0,0.0
2015-09-14 13:25:00,72,0.188479716252,0.0,0.0,0.0
2015-09-14 13:35:00,65,0.318093974048,0.0,0.0,0.0
2015-09-14 13:40:00,64,0.252520080339,0.0,0.0,0.0
2015-09-14 13:45:00,71,0.183686131271,0.0,0.0,0.0
2015-09-14 13:50:00,66,0.298836172112,0.0,0.0,0.0
2015-09-14 13:55:00,59,0.308018428662,0.0,0.0,0.0
2015-09-14 14:15:00,57,0.251253874472,0.0,0.0,0.0
2015-09-14 14:20:00,66,0.149435937218,0.0,0.0,0.0
2015-09-14 14:25:00,71,0.200069582993,0.0,0.0,0.0
2015-09-14 14:35:00,69,0.270686560377,0.0,0.0,0.0
2015-09-14 14:40:00,67,0.267013709953,0.0,0.0,0.0
2015-09-14 14:45:00,66,0.254415435263,0.0,0.0,0.0
2015-09-14 14:50:00,67,0.234577783749,0.0,0.0,0.0
2015-09-14 14:55:00,65,0.26274749109,0.0,0.0,0.0
2015-09-14 15:00:00,70,0.196582734367,0.0,0.0,0.0
2015-09-14 15:10:00,66,0.285055910413,0.0,0.0,0.0
2015-09-14 15:15:00,66,0.242316627726,0.0,0.0,0.0
2015-09-14 15:20:00,61,0.286661732021,0.0,0.0,0.0
2015-09-14 15:30:00,68,0.170807849104,0.0,0.0,0.0
2015-09-14 15:35:00,69,0.235857638969,0.0,0.0,0.0
2015-09-14 15:40:00,63,0.299753210299,0.0,0.0,0.0
2015-09-14 15:50:00,67,0.20008015276,0.0,0.0,0.0
2015-09-14 15:55:00,66,0.251156032359,0.0,0.0,0.0
2015-09-14 16:00:00,65,0.24918535806,0.0,0.0,0.0
2015-09-14 16:05:00,67,0.220417636802,0.0,0.0,0.0
2015-09-14 16:20:00,65,0.259205496989,0.0,0.0,0.0
2015-09-14 16:25:00,66,0.228764151026,0.0,0.0,0.0
2015-09-14 16:30:00,65,0.248012557614,0.0,0.0,0.0
2015-09-14 16:35:00,64,0.24604814688,0.0,0.0,0.0
2015-09-14 16:40:00,66,0.217280999782,0.0,0.0,0.0
2015-09-14 16:45:00,62,0.273941683178,0.0,0.0,0.0
2015-09-14 16:50:00,65,0.204423204694,0.0,0.0,0.0
2015-09-14 16:55:00,67,0.218077829708,0.0,0.0,0.0
2015-09-14 17:00:00,59,0.310482228255,0.0,0.0,0.0
2015-09-14 17:05:00,36,0.430744225893,0.0,0.0,0.0
2015-09-14 17:10:00,21,0.432631516477,0.0,0.0,0.0
2015-09-14 17:15:00,52,0.260364726376,0.0,0.0,0.0
2015-09-14 17:20:00,60,0.140394636989,0.0,0.0,0.0
2015-09-14 17:25:00,51,0.305343077145,0.0,0.0,0.0
2015-09-14 17:30:00,68,0.0952510063853,0.0,0.0,0.0
2015-09-14 17:35:00,60,0.310185648428,0.0,0.0,0.0
2015-09-14 17:40:00,42,0.385976722398,0.0,0.0,0.0
2015-09-14 17:45:00,65,0.0,0.0,0.0,0.0
2015-09-14 17:50:00,59,0.287574072534,0.0,0.0,0.0
2015-09-14 17:55:00,69,0.155455902228,0.0,0.0,0.0
2015-09-14 18:00:00,68,0.250093496764,0.0,0.0,0.0
2015-09-14 18:05:00,66,0.257181973855,0.0,0.0,0.0
2015-09-14 18:10:00,66,0.235696874121,0.0,0.0,0.0
2015-09-14 18:20:00,66,0.235406766645,0.0,0.0,0.0
2015-09-14 18:25:00,68,0.217232509346,0.0,0.0,0.0
2015-09-14 18:30:00,67,0.247082313742,0.0,0.0,0.0
2015-09-14 18:35:00,67,0.236190025512,0.0,0.0,0.0
2015-09-14 18:45:00,65,0.253783389306,0.0,0.0,0.0
2015-09-14 18:50:00,66,0.223351986753,0.0,0.0,0.0
2015-09-14 19:01:00,68,0.215773437858,0.0,0.0,0.0
2015-09-14 19:05:00,68,0.2366774614,0.0,0.0,0.0
2015-09-14 19:15:00,66,0.254275079199,0.0,0.0,0.0
2015-09-14 19:20:00,69,0.211854455407,0.0,0.0,0.0
2015-09-14 19:30:00,64,0.283210455227,0.0,0.0,0.0
2015-09-14 19:35:00,68,0.194256420037,0.0,0.0,0.0
2015-09-14 19:45:00,65,0.263203530855,0.0,0.0,0.0
2015-09-14 20:00:00,65,0.231124236413,0.0,0.0,0.0
2015-09-14 20:10:00,66,0.221891192785,0.0,0.0,0.0
2015-09-14 20:15:00,58,0.303756750884,0.0,0.0,0.0
2015-09-14 20:20:00,71,0.171693282383,0.0,0.0,0.0
2015-09-14 20:25:00,61,0.330345560387,0.0,0.0,0.0
2015-09-14 20:30:00,72,0.198660776618,0.0,0.0,0.0
2015-09-14 20:35:00,64,0.314665376581,0.0,0.0,0.0
2015-09-14 20:40:00,64,0.229712063371,0.0,0.0,0.0
2015-09-14 20:45:00,67,0.202598158293,0.0,0.0,0.0
2015-09-14 20:50:00,65,0.251993940836,0.0,0.0,0.0
2015-09-14 21:30:00,65,0.230514660997,0.0,0.0,0.0
2015-09-14 21:35:00,65,0.230228155071,0.0,0.0,0.0
2015-09-14 21:45:00,74,0.246017220525,0.0,0.0,0.0
2015-09-14 22:06:00,61,0.361804631353,0.0,0.0,0.0
2015-09-14 22:21:00,60,0.23283674742,0.0,0.0,0.0
2015-09-14 22:30:00,64,0.186185424401,0.0,0.0,0.0
2015-09-14 22:40:00,66,0.210394914152,0.0,0.0,0.0
2015-09-14 22:45:00,66,0.231298233043,0.0,0.0,0.0
2015-09-14 22:50:00,70,0.21695435484,0.0,0.0,0.0
2015-09-15 03:45:00,62,0.309912191597,0.0,0.0,0.0
2015-09-15 04:10:00,64,0.207080104792,0.0,0.0,0.0
2015-09-15 04:31:00,61,0.254841409914,0.0,0.0,0.0
2015-09-15 04:55:00,90,0.357332054104,0.0,0.0,0.0
2015-09-15 05:26:00,60,0.539516391151,0.0,0.0,0.0
2015-09-15 05:31:00,66,0.167982380799,0.0,0.0,0.0
2015-09-15 05:41:00,63,0.258125762687,0.0,0.0,0.0
2015-09-15 05:46:00,76,0.244252565335,0.0,0.0,0.0
2015-09-15 05:51:00,56,0.427107573658,0.0,0.0,0.0
2015-09-15 06:05:00,72,0.153436946278,0.0,0.0,0.0
2015-09-15 06:45:00,66,0.295835193482,0.0,0.0,0.0
2015-09-15 07:06:00,67,0.223143566611,0.0,0.0,0.0
2015-09-15 07:11:00,63,0.269255022479,0.0,0.0,0.0
2015-09-15 07:16:00,67,0.190797705259,0.0,0.0,0.0
2015-09-15 07:21:00,70,0.214460777213,0.0,0.0,0.0
2015-09-15 07:26:00,70,0.238546326662,0.0,0.0,0.0
2015-09-15 07:31:00,71,0.241465905038,0.0,0.0,0.0
2015-09-15 07:46:00,62,0.321300867394,0.0,0.0,0.0
2015-09-15 07:51:00,69,0.163133859128,0.0,0.0,0.0
2015-09-15 07:56:00,67,0.254912031615,0.0,0.0,0.0
2015-09-15 08:11:00,66,0.242389963638,0.0,0.0,0.0
2015-09-15 08:21:00,65,0.240460576675,0.0,0.0,0.0
2015-09-15 08:26:00,61,0.265381998941,0.0,0.0,0.0
2015-09-15 08:31:00,68,0.160070323138,0.0,0.0,0.0
2015-09-15 08:41:00,66,0.251834272111,0.0,0.0,0.0
2015-09-15 08:46:00,67,0.221413021754,0.0,0.0,0.0
2015-09-15 08:51:00,66,0.240669257799,0.0,0.0,0.0
2015-09-15 08:56:00,66,0.229792785072,0.0,0.0,0.0
2015-09-15 09:01:00,70,0.207741198033,0.0,0.0,0.0
2015-09-15 09:06:00,71,0.241761728018,0.0,0.0,0.0
2015-09-15 09:16:00,65,0.292984070657,0.0,0.0,0.0
2015-09-15 09:21:00,63,0.247173448621,0.0,0.0,0.0
2015-09-15 09:31:00,63,0.225718805473,0.0,0.0,0.0
2015-09-15 09:36:00,63,0.225438876291,0.0,0.0,0.0
2015-09-15 09:41:00,62,0.234110521762,0.0,0.0,0.0
2015-09-15 09:46:00,65,0.196380108022,0.0,0.0,0.0
2015-09-15 09:51:00,61,0.263682745813,0.0,0.0,0.0
2015-09-15 10:01:00,72,0.185354040472,0.0,0.0,0.0
2015-09-15 10:16:00,67,0.284517922331,0.0,0.0,0.0
2015-09-15 10:26:00,66,0.240349763762,0.0,0.0,0.0
2015-09-15 10:31:00,74,0.236820114104,0.0,0.0,0.0
2015-09-15 10:36:00,66,0.314916676049,0.0,0.0,0.0
2015-09-15 10:41:00,70,0.197097651648,0.0,0.0,0.0
2015-09-15 10:46:00,67,0.264178820202,0.0,0.0,0.0
2015-09-15 11:06:00,68,0.223273509497,0.0,0.0,0.0
2015-09-15 11:11:00,66,0.251493534147,0.0,0.0,0.0
2015-09-15 11:16:00,65,0.238986133353,0.0,0.0,0.0
2015-09-15 11:21:00,60,0.272882879624,0.0,0.0,0.0
2015-09-15 11:31:00,66,0.165928740355,0.0,0.0,0.0
2015-09-15 11:36:00,67,0.22022419702,0.0,0.0,0.0
2015-09-15 11:41:00,66,0.239482416527,0.0,0.0,0.0
2015-09-15 11:46:00,67,0.219652698863,0.0,0.0,0.0
2015-09-15 11:51:00,66,0.238911231549,0.0,0.0,0.0
2015-09-15 11:56:00,67,0.219081722671,0.0,0.0,0.0
2015-09-15 12:06:00,69,0.211461051297,0.0,0.0,0.0
2015-09-15 12:11:00,69,0.232340594737,0.0,0.0,0.0
2015-09-15 12:16:00,71,0.234240281961,0.0,0.0,0.0
2015-09-15 12:21:00,64,0.29875359744,0.0,0.0,0.0
2015-09-15 12:26:00,69,0.179682799471,0.0,0.0,0.0
2015-09-15 12:31:00,68,0.241289611767,0.0,0.0,0.0
2015-09-15 12:36:00,67,0.239381155552,0.0,0.0,0.0
2015-09-15 12:41:00,66,0.237473430086,0.0,0.0,0.0
2015-09-15 12:46:00,68,0.208682377046,0.0,0.0,0.0
2015-09-15 12:51:00,72,0.236155523705,0.0,0.0,0.0
2015-09-15 12:56:00,66,0.290545403621,0.0,0.0,0.0
2015-09-15 13:01:00,62,0.262711318999,0.0,0.0,0.0
2015-09-15 13:06:00,71,0.180039770509,0.0,0.0,0.0
2015-09-15 13:11:00,74,0.268817982196,0.0,0.0,0.0
2015-09-15 13:16:00,65,0.321779769174,0.0,0.0,0.0
2015-09-15 13:21:00,61,0.26219781102,0.0,0.0,0.0
2015-09-15 13:26:00,63,0.201671881346,-1.0,-2.0,-1.0
2015-09-15 13:31:00,66,0.195686104964,0.0,0.0,0.0
2015-09-15 13:36:00,63,0.254038890583,0.0,0.0,0.0
2015-09-15 13:41:00,60,0.24888794309,0.0,0.0,0.0
2015-09-15 13:46:00,59,0.225819022522,0.0,0.0,0.0
2015-09-15 13:51:00,60,0.206002510541,0.0,0.0,0.0
2015-09-15 13:54:00,56,0.25215418372,0.0,0.0,0.0
2015-09-15 13:59:00,49,0.272253052014,0.0,0.0,0.0
2015-09-15 14:04:00,43,0.251629035948,0.0,0.0,0.0
2015-09-15 14:09:00,59,0.0558696472678,0.0,0.0,0.0
2015-09-15 14:14:00,51,0.284845245826,0.0,0.0,0.0
2015-09-15 14:19:00,42,0.280489275288,0.0,0.0,0.0
2015-09-15 14:24:00,25,0.361648459787,0.0,0.0,0.0
2015-09-15 14:29:00,10,0.616609138427,0.0,0.0,0.0
2015-09-15 14:34:00,8,0.740236680306,0.0,0.0,0.0
2015-09-15 14:39:00,46,0.409925908806,0.0,0.0,0.0
2015-09-15 14:44:00,65,0.0321793549018,0.0,0.0,0.0
2015-09-15 14:49:00,68,0.195022375805,0.0,0.0,0.0
2015-09-15 14:54:00,67,0.234620115013,0.0,0.0,0.0
2015-09-15 14:59:00,64,0.250768030574,0.0,0.0,0.0
2015-09-15 15:04:00,67,0.19186303336,0.0,0.0,0.0
2015-09-15 15:09:00,62,0.268153130815,0.0,0.0,0.0
2015-09-15 15:14:00,66,0.179116338265,0.0,0.0,0.0
2015-09-15 15:24:00,68,0.203214101666,0.0,0.0,0.0
2015-09-15 15:34:00,65,0.250992735986,0.0,0.0,0.0
2015-09-15 15:39:00,65,0.218984245932,0.0,0.0,0.0
2015-09-15 15:44:00,68,0.196410929984,0.0,0.0,0.0
2015-09-15 15:49:00,66,0.242183370369,0.0,0.0,0.0
2015-09-15 15:54:00,64,0.238788335174,0.0,0.0,0.0
2015-09-15 15:59:00,64,0.217367697968,0.0,0.0,0.0
2015-09-15 16:04:00,63,0.226061892274,0.0,0.0,0.0
2015-09-15 16:09:00,63,0.215210839184,0.0,0.0,0.0
2015-09-15 16:14:00,67,0.179053833101,0.0,0.0,0.0
2015-09-15 16:19:00,63,0.256961261465,0.0,0.0,0.0
2015-09-15 16:24:00,66,0.18747235223,0.0,0.0,0.0
2015-09-15 16:29:00,67,0.209946468959,0.0,0.0,0.0
2015-09-15 16:34:00,65,0.238186798001,0.0,0.0,0.0
2015-09-15 16:39:00,65,0.216763185601,0.0,0.0,0.0
2015-09-15 16:44:00,64,0.225460433396,0.0,0.0,0.0
2015-09-15 16:49:00,69,0.203172214072,0.0,0.0,0.0
2015-09-15 16:54:00,65,0.259212439107,0.0,0.0,0.0
2015-09-15 16:59:00,65,0.216744786378,0.0,0.0,0.0
2015-09-15 17:04:00,62,0.243398397686,0.0,0.0,0.0
2015-09-15 17:09:00,57,0.256267884763,0.0,0.0,0.0
2015-09-15 17:14:00,52,0.247984371569,0.0,0.0,0.0
2015-09-15 17:19:00,51,0.203818144265,0.0,0.0,0.0
2015-09-15 17:24:00,62,0.0942897317665,0.0,0.0,0.0
2015-09-15 17:29:00,59,0.237270360072,0.0,0.0,0.0
2015-09-15 17:39:00,68,0.159040749557,0.0,0.0,0.0
2015-09-15 17:44:00,64,0.2562558274,0.0,0.0,0.0
2015-09-15 17:49:00,65,0.204820366944,0.0,0.0,0.0
2015-09-15 17:54:00,66,0.206149782626,0.0,0.0,0.0
2015-09-15 17:59:00,67,0.20746719314,0.0,0.0,0.0
2015-09-15 18:04:00,63,0.253668505075,0.0,0.0,0.0
2015-09-15 18:14:00,59,0.247021896433,0.0,0.0,0.0
2015-09-15 18:19:00,68,0.159225342052,0.0,0.0,0.0
2015-09-15 18:24:00,66,0.237461946882,0.0,0.0,0.0
2015-09-15 18:29:00,66,0.216145885122,0.0,0.0,0.0
2015-09-15 18:34:00,65,0.224858034983,0.0,0.0,0.0
2015-09-15 18:39:00,64,0.222994206672,0.0,0.0,0.0
2015-09-15 18:44:00,70,0.212716113236,0.0,0.0,0.0
2015-09-15 18:49:00,67,0.249330933761,0.0,0.0,0.0
2015-09-15 18:54:00,63,0.253364435068,0.0,0.0,0.0
2015-09-15 19:04:00,64,0.201849401232,0.0,0.0,0.0
2015-09-15 19:09:00,65,0.20316790787,0.0,0.0,0.0
2015-09-15 19:14:00,64,0.222442490943,0.0,0.0,0.0
2015-09-15 19:19:00,60,0.247519354026,0.0,0.0,0.0
2015-09-15 19:24:00,65,0.160079979468,0.0,0.0,0.0
2015-09-15 19:29:00,69,0.212134123607,0.0,0.0,0.0
2015-09-15 19:34:00,63,0.273578918342,0.0,0.0,0.0
2015-09-15 19:39:00,59,0.245922301409,0.0,0.0,0.0
2015-09-15 19:44:00,69,0.164667832421,0.0,0.0,0.0
2015-09-15 19:49:00,60,0.300780643829,0.0,0.0,0.0
2015-09-15 19:54:00,60,0.205504818065,0.0,0.0,0.0
2015-09-15 19:59:00,59,0.214227981362,0.0,0.0,0.0
2015-09-15 20:09:00,62,0.17645724592,0.0,0.0,0.0
2015-09-15 20:14:00,61,0.216874990246,0.0,0.0,0.0
2015-09-15 20:24:00,58,0.232981931649,0.0,0.0,0.0
2015-09-15 20:29:00,63,0.156111332163,0.0,0.0,0.0
2015-09-15 20:34:00,65,0.190712755652,0.0,0.0,0.0
2015-09-15 20:49:00,57,0.283427748754,0.0,0.0,0.0
2015-09-15 20:54:00,62,0.153729480886,0.0,0.0,0.0
2015-09-15 20:59:00,62,0.206295071247,0.0,0.0,0.0
2015-09-15 21:04:00,62,0.206028452142,0.0,0.0,0.0
2015-09-15 21:19:00,64,0.187792342133,0.0,0.0,0.0
2015-09-15 21:29:00,63,0.217635882965,0.0,0.0,0.0
2015-09-15 22:09:00,57,0.26071078837,0.0,0.0,0.0
2015-09-15 22:34:00,59,0.179098617595,0.0,0.0,0.0
2015-09-15 22:39:00,63,0.16402388569,0.0,0.0,0.0
2015-09-15 22:44:00,67,0.185258364509,0.0,0.0,0.0
2015-09-15 23:19:00,65,0.230979365362,0.0,0.0,0.0
2015-09-15 23:24:00,61,0.245627887732,0.0,0.0,0.0
2015-09-15 23:29:00,61,0.203123410457,0.0,0.0,0.0
2015-09-15 23:34:00,60,0.211846364968,0.0,0.0,0.0
2015-09-16 00:49:00,67,0.161533961809,0.0,0.0,0.0
2015-09-16 01:44:00,57,0.302592849921,0.0,0.0,0.0
2015-09-16 02:19:00,59,0.178836565672,0.0,0.0,0.0
2015-09-16 03:04:00,60,0.190726300612,0.0,0.0,0.0
2015-09-16 04:44:00,58,0.219000818283,0.0,0.0,0.0
2015-09-16 05:09:00,66,0.136218717862,0.0,0.0,0.0
2015-09-16 05:19:00,69,0.218442786792,0.0,0.0,0.0
2015-09-16 05:29:00,62,0.279320102491,0.0,0.0,0.0
2015-09-16 05:39:00,65,0.178272140125,0.0,0.0,0.0
2015-09-16 05:49:00,65,0.209697283445,0.0,0.0,0.0
2015-09-16 06:09:00,61,0.245378623923,0.0,0.0,0.0
2015-09-16 06:14:00,64,0.175906130449,0.0,0.0,0.0
2015-09-16 06:24:00,65,0.198331521858,0.0,0.0,0.0
2015-09-16 06:39:00,65,0.208621359479,0.0,0.0,0.0
2015-09-16 06:44:00,66,0.199360912752,0.0,0.0,0.0
2015-09-16 06:54:00,61,0.254599009929,0.0,0.0,0.0
2015-09-16 07:19:00,64,0.174569981434,0.0,0.0,0.0
2015-09-16 07:24:00,69,0.206417941524,0.0,0.0,0.0
2015-09-16 07:29:00,59,0.304408970741,0.0,0.0,0.0
2015-09-16 07:34:00,71,0.183450569011,0.0,0.0,0.0
2015-09-16 07:44:00,66,0.263127167553,0.0,0.0,0.0
2015-09-16 07:49:00,66,0.210167755509,0.0,0.0,0.0
2015-09-16 07:54:00,67,0.200914172606,0.0,0.0,0.0
2015-09-16 07:59:00,68,0.213609584758,0.0,0.0,0.0
2015-09-16 08:04:00,64,0.249434126003,0.0,0.0,0.0
2015-09-16 08:09:00,68,0.187488559206,0.0,0.0,0.0
2015-09-16 08:14:00,69,0.222014010865,0.0,0.0,0.0
2015-09-16 08:19:00,71,0.242767865424,0.0,0.0,0.0
2015-09-16 08:24:00,66,0.265289141582,0.0,0.0,0.0
2015-09-16 08:29:00,70,0.207054841744,0.0,0.0,0.0
2015-09-16 08:39:00,71,0.241528984362,0.0,0.0,0.0
2015-09-16 08:49:00,68,0.24868395964,0.0,0.0,0.0
2015-09-16 08:54:00,62,0.270756973293,0.0,0.0,0.0
2015-09-16 08:59:00,67,0.162197273397,0.0,0.0,0.0
2015-09-16 09:04:00,63,0.250681097504,0.0,0.0,0.0
2015-09-16 09:09:00,71,0.187560642406,0.0,0.0,0.0
2015-09-16 09:14:00,64,0.284360706837,0.0,0.0,0.0
2015-09-16 09:24:00,70,0.182167503714,0.0,0.0,0.0
2015-09-16 09:34:00,67,0.24738119021,0.0,0.0,0.0
2015-09-16 09:44:00,67,0.215525687743,0.0,0.0,0.0
2015-09-16 09:54:00,66,0.224248746647,0.0,0.0,0.0
2015-09-16 09:59:00,61,0.258352086187,0.0,0.0,0.0
2015-09-16 10:04:00,69,0.149423723265,0.0,0.0,0.0
2015-09-16 10:09:00,67,0.236535722132,0.0,0.0,0.0
2015-09-16 10:14:00,70,0.199122401397,0.0,0.0,0.0
2015-09-16 10:19:00,71,0.2261667548,0.0,0.0,0.0
2015-09-16 10:24:00,67,0.259013205527,0.0,0.0,0.0
2015-09-16 10:29:00,59,0.28848724819,0.0,0.0,0.0
2015-09-16 10:34:00,69,0.122960628741,0.0,0.0,0.0
2015-09-16 10:44:00,69,0.220193870924,0.0,0.0,0.0
2015-09-16 10:49:00,68,0.229000913802,0.0,0.0,0.0
2015-09-16 10:54:00,72,0.213620833078,0.0,0.0,0.0
2015-09-16 10:59:00,68,0.26112684571,0.0,0.0,0.0
2015-09-16 11:04:00,62,0.272624977314,0.0,0.0,0.0
2015-09-16 11:09:00,64,0.191025542455,0.0,0.0,0.0
2015-09-16 11:14:00,66,0.19390751334,0.0,0.0,0.0
2015-09-16 11:19:00,60,0.268674755331,0.0,0.0,0.0
2015-09-16 11:24:00,66,0.151120679751,0.0,0.0,0.0
2015-09-16 11:29:00,71,0.189958230891,0.0,0.0,0.0
2015-09-16 11:34:00,56,0.357570617656,0.0,0.0,0.0
2015-09-16 11:39:00,63,0.136094594872,0.0,0.0,0.0
2015-09-16 11:44:00,67,0.173824069076,0.0,0.0,0.0
2015-09-16 11:49:00,64,0.242757426149,0.0,0.0,0.0
2015-09-16 11:59:00,67,0.183842485525,0.0,0.0,0.0
2015-09-16 12:04:00,62,0.260191069022,0.0,0.0,0.0
2015-09-16 12:14:00,65,0.180162223215,0.0,0.0,0.0
2015-09-16 12:19:00,66,0.202579002221,0.0,0.0,0.0
2015-09-16 12:24:00,65,0.221856064622,0.0,0.0,0.0
2015-09-16 12:29:00,73,0.203113075574,0.0,0.0,0.0
2015-09-16 12:34:00,67,0.278196940802,0.0,0.0,0.0
2015-09-16 12:39:00,62,0.259638779133,0.0,0.0,0.0
2015-09-16 12:44:00,68,0.152645962346,0.0,0.0,0.0
2015-09-16 12:49:00,62,0.26966586018,0.0,0.0,0.0
2015-09-16 12:54:00,67,0.161099948915,0.0,0.0,0.0
2015-09-16 12:59:00,63,0.249581319793,0.0,0.0,0.0
2015-09-16 13:04:00,68,0.162124250662,-1.0,-2.0,-1.0
2015-09-16 13:09:00,69,0.205633899711,0.0,0.0,0.0
2015-09-16 13:14:00,69,0.215912149736,0.0,0.0,0.0
2015-09-16 13:19:00,65,0.251616978584,0.0,0.0,0.0
2015-09-16 13:24:00,61,0.245108246678,0.0,0.0,0.0
2015-09-16 13:29:00,73,0.177581060064,0.0,0.0,0.0
2015-09-16 13:34:00,66,0.284985706283,0.0,0.0,0.0
2015-09-16 13:39:00,51,0.345824814232,0.0,0.0,0.0
2015-09-16 13:44:00,50,0.196229312683,0.0,0.0,0.0
2015-09-16 13:49:00,34,0.329245860971,0.0,0.0,0.0
2015-09-16 13:54:00,24,0.453633877997,0.0,0.0,0.0
2015-09-16 13:59:00,7,0.676697088282,0.0,0.0,0.0
2015-09-16 14:04:00,14,0.735763868173,0.0,0.0,0.0
2015-09-16 14:09:00,7,0.7423112254,0.0,0.0,0.0
2015-09-16 14:14:00,32,0.565128058336,0.0,0.0,0.0
2015-09-16 14:19:00,17,0.509783089073,0.0,0.0,0.0
2015-09-16 14:24:00,8,0.69786887925,0.0,0.0,0.0
2015-09-16 14:29:00,6,0.778475121405,0.0,0.0,0.0
2015-09-16 14:30:00,8,0.771021165266,0.0,0.0,0.0
2015-09-16 14:35:00,20,0.643807001382,0.0,0.0,0.0
2015-09-16 14:40:00,8,0.658090175196,0.0,0.0,0.0
2015-09-16 14:45:00,23,0.608097474859,0.0,0.0,0.0
2015-09-16 14:50:00,74,0.312662627606,0.0,0.0,0.0
2015-09-16 14:55:00,65,0.29527011548,0.0,0.0,0.0
2015-09-16 15:00:00,67,0.205346871821,0.0,0.0,0.0
2015-09-16 15:05:00,74,0.279157876144,0.0,0.0,0.0
2015-09-16 15:10:00,59,0.350519721958,0.0,0.0,0.0
2015-09-16 15:15:00,65,0.138126077953,0.0,0.0,0.0
2015-09-16 15:20:00,64,0.210184223467,0.0,0.0,0.0
2015-09-16 15:25:00,64,0.199371012751,0.0,0.0,0.0
2015-09-16 15:30:00,68,0.200742002849,0.0,0.0,0.0
2015-09-16 15:35:00,73,0.271468827513,0.0,0.0,0.0
2015-09-16 15:40:00,71,0.286126301562,0.0,0.0,0.0
2015-09-16 15:45:00,67,0.248254435635,0.0,0.0,0.0
2015-09-16 15:50:00,66,0.214888996309,0.0,0.0,0.0
2015-09-16 15:55:00,68,0.203253849209,0.0,0.0,0.0
2015-09-16 16:00:00,65,0.234875355307,-1.0,-2.0,-1.0
2015-09-16 16:05:00,57,0.275014788539,0.0,0.0,0.0
2015-09-16 16:10:00,70,0.151159070188,0.0,0.0,0.0
2015-09-16 16:15:00,66,0.247239163862,0.0,0.0,0.0
2015-09-16 16:20:00,66,0.204862541618,0.0,0.0,0.0
2015-09-16 16:25:00,65,0.213602042382,0.0,0.0,0.0
2015-09-16 16:30:00,66,0.193787252882,0.0,0.0,0.0
2015-09-16 16:35:00,64,0.222068086314,0.0,0.0,0.0
2015-09-16 16:40:00,55,0.281673324054,0.0,0.0,0.0
2015-09-16 16:45:00,30,0.411272940765,0.0,0.0,0.0
2015-09-16 16:50:00,11,0.568105757381,0.0,0.0,0.0
2015-09-16 16:55:00,12,0.696536723259,0.0,0.0,0.0
2015-09-16 17:00:00,33,0.495809491985,0.0,0.0,0.0
2015-09-16 17:05:00,43,0.245160208174,0.0,0.0,0.0
2015-09-16 17:10:00,1,0.5440394162,0.0,0.0,0.0
2015-09-16 17:15:00,19,0.690656957723,0.0,0.0,0.0
2015-09-16 17:20:00,23,0.516141912977,0.0,0.0,0.0
2015-09-16 17:25:00,53,0.211978578397,0.0,0.0,0.0
2015-09-16 17:30:00,60,0.114501866203,0.0,0.0,0.0
2015-09-16 17:35:00,56,0.224057446917,0.0,0.0,0.0
2015-09-16 17:40:00,44,0.28960059696,0.0,0.0,0.0
2015-09-16 17:45:00,57,0.0457495522725,0.0,0.0,0.0
2015-09-16 17:50:00,55,0.200668379856,0.0,0.0,0.0
2015-09-16 17:55:00,63,0.113521931379,0.0,0.0,0.0
2015-09-16 18:00:00,68,0.214231556814,0.0,0.0,0.0
2015-09-16 18:05:00,70,0.265015684751,0.0,0.0,0.0
2015-09-16 18:10:00,62,0.276733223836,0.0,0.0,0.0
2015-09-16 18:15:00,66,0.179805591454,0.0,0.0,0.0
2015-09-16 18:20:00,67,0.214524143618,0.0,0.0,0.0
2015-09-16 18:25:00,68,0.226391486311,0.0,0.0,0.0
2015-09-16 18:30:00,67,0.220198412009,0.0,0.0,0.0
2015-09-16 18:35:00,66,0.212004885372,0.0,0.0,0.0
2015-09-16 18:40:00,68,0.20987467284,0.0,0.0,0.0
2015-09-16 18:45:00,69,0.22961766622,0.0,0.0,0.0
2015-09-16 18:50:00,68,0.223448680546,0.0,0.0,0.0
2015-09-16 18:55:00,71,0.238317236753,0.0,0.0,0.0
2015-09-16 19:05:00,67,0.248158550887,0.0,0.0,0.0
2015-09-16 19:10:00,64,0.232777008664,0.0,0.0,0.0
2015-09-16 19:15:00,64,0.200864298966,0.0,0.0,0.0
2015-09-16 19:25:00,64,0.200601229214,0.0,0.0,0.0
2015-09-16 19:30:00,63,0.209333579074,0.0,0.0,0.0
2015-09-16 19:35:00,65,0.180525092444,0.0,0.0,0.0
2015-09-16 19:40:00,64,0.210361743353,0.0,0.0,0.0
2015-09-16 19:45:00,65,0.190548937316,0.0,0.0,0.0
2015-09-16 19:50:00,66,0.191836569796,0.0,0.0,0.0
2015-09-16 20:00:00,63,0.229117050746,0.0,0.0,0.0
2015-09-16 20:05:00,67,0.167753473578,0.0,0.0,0.0
2015-09-16 20:10:00,62,0.249085610779,0.0,0.0,0.0
2015-09-16 20:15:00,61,0.20516423669,0.0,0.0,0.0
2015-09-16 20:20:00,62,0.185365628068,0.0,0.0,0.0
2015-09-16 20:25:00,65,0.168660594453,0.0,0.0,0.0
2015-09-16 20:30:00,63,0.218046929451,0.0,0.0,0.0
2015-09-16 20:35:00,61,0.214685848001,0.0,0.0,0.0
2015-09-16 20:40:00,59,0.21132664562,0.0,0.0,0.0
2015-09-16 20:45:00,56,0.216968082488,0.0,0.0,0.0
2015-09-16 20:50:00,65,0.10406141593,0.0,0.0,0.0
2015-09-16 20:55:00,63,0.216749275266,0.0,0.0,0.0
2015-09-16 21:00:00,67,0.170965534365,0.0,0.0,0.0
2015-09-16 21:05:00,63,0.238263787661,0.0,0.0,0.0
2015-09-16 21:10:00,57,0.249908799876,0.0,0.0,0.0
2015-09-16 21:15:00,58,0.177371569895,0.0,0.0,0.0
2015-09-16 21:25:00,68,0.140373601848,0.0,0.0,0.0
2015-09-16 21:40:00,62,0.257814463481,0.0,0.0,0.0
2015-09-16 21:45:00,64,0.176361700447,0.0,0.0,0.0
2015-09-16 21:55:00,66,0.179199408803,0.0,0.0,0.0
2015-09-16 22:05:00,65,0.209033136715,0.0,0.0,0.0
2015-09-16 22:14:00,57,0.270241951618,0.0,0.0,0.0
2015-09-16 22:20:00,61,0.14960312222,0.0,0.0,0.0
2015-09-16 22:25:00,58,0.218546918568,0.0,0.0,0.0
2015-09-16 22:30:00,62,0.15063963792,0.0,0.0,0.0
2015-09-16 22:40:00,61,0.201574430706,0.0,0.0,0.0
2015-09-16 22:45:00,63,0.172762968882,0.0,0.0,0.0
2015-09-16 22:55:00,59,0.22961463883,0.0,0.0,0.0
2015-09-16 23:10:00,64,0.142152480552,0.0,0.0,0.0
2015-09-16 23:35:00,64,0.194617906062,0.0,0.0,0.0
2015-09-16 23:55:00,59,0.239389454776,0.0,0.0,0.0
2015-09-17 00:10:00,66,0.136084155596,0.0,0.0,0.0
2015-09-17 00:45:00,63,0.22486586444,0.0,0.0,0.0
2015-09-17 01:05:00,57,0.247104653793,0.0,0.0,0.0
2015-09-17 01:40:00,56,0.192602055796,0.0,0.0,0.0
2015-09-17 01:55:00,53,0.208824716572,0.0,0.0,0.0
2015-09-17 02:10:00,66,0.0897112741622,0.0,0.0,0.0
2015-09-17 02:50:00,61,0.242626152255,0.0,0.0,0.0
2015-09-17 03:20:00,56,0.234777748078,0.0,0.0,0.0
2015-09-17 04:35:00,58,0.163804504307,0.0,0.0,0.0
2015-09-17 04:55:00,62,0.148614992564,0.0,0.0,0.0
2015-09-17 05:10:00,64,0.172515819026,0.0,0.0,0.0
2015-09-17 05:15:00,65,0.184331513402,0.0,0.0,0.0
2015-09-17 05:30:00,73,0.24260516931,0.0,0.0,0.0
2015-09-17 05:35:00,63,0.297625477094,0.0,0.0,0.0
2015-09-17 05:40:00,63,0.192063206475,0.0,0.0,0.0
2015-09-17 05:45:00,66,0.164784595721,0.0,0.0,0.0
2015-09-17 05:50:00,62,0.232187085186,0.0,0.0,0.0
2015-09-17 05:55:00,72,0.209636735645,0.0,0.0,0.0
2015-09-17 06:15:00,56,0.349881151454,0.0,0.0,0.0
2015-09-17 06:20:00,52,0.217106402893,0.0,0.0,0.0
2015-09-17 06:25:00,61,0.0936220878792,0.0,0.0,0.0
2015-09-17 06:30:00,51,0.278339697899,0.0,0.0,0.0
2015-09-17 06:40:00,64,0.0555506751941,0.0,0.0,0.0
2015-09-17 06:55:00,60,0.228385779472,0.0,0.0,0.0
2015-09-17 07:00:00,59,0.194984481233,0.0,0.0,0.0
2015-09-17 07:05:00,38,0.37336025727,0.0,0.0,0.0
2015-09-17 07:10:00,53,0.128160980106,0.0,0.0,0.0
2015-09-17 07:15:00,56,0.14706014072,0.0,0.0,0.0
2015-09-17 07:25:00,53,0.205427463031,0.0,0.0,0.0
2015-09-17 07:35:00,68,0.113690029818,0.0,0.0,0.0
2015-09-17 07:40:00,56,0.305251733481,0.0,0.0,0.0
2015-09-17 07:45:00,62,0.124563135879,0.0,0.0,0.0
2015-09-17 07:50:00,65,0.160512530863,0.0,0.0,0.0
2015-09-17 07:55:00,61,0.227924572265,0.0,0.0,0.0
2015-09-17 08:00:00,64,0.158479534087,0.0,0.0,0.0
2015-09-17 08:05:00,60,0.225893193576,0.0,0.0,0.0
2015-09-17 08:10:00,58,0.201523852414,0.0,0.0,0.0
2015-09-17 08:15:00,62,0.144140562344,0.0,0.0,0.0
2015-09-17 08:20:00,67,0.173705061332,0.0,0.0,0.0
2015-09-17 08:25:00,61,0.248393434593,0.0,0.0,0.0
2015-09-17 08:30:00,59,0.203048926224,0.0,0.0,0.0
2015-09-17 08:35:00,60,0.172719906869,0.0,0.0,0.0
2015-09-17 08:40:00,59,0.192023015263,0.0,0.0,0.0
2015-09-17 08:45:00,59,0.181238094985,0.0,0.0,0.0
2015-09-17 08:50:00,63,0.144921837749,0.0,0.0,0.0
2015-09-17 08:55:00,55,0.258941122328,0.0,0.0,0.0
2015-09-17 09:00:00,54,0.183432169787,0.0,0.0,0.0
2015-09-17 09:05:00,64,0.0881058179285,0.0,0.0,0.0
2015-09-17 09:10:00,63,0.197501651624,0.0,0.0,0.0
2015-09-17 09:15:00,67,0.179001114758,0.0,0.0,0.0
2015-09-17 09:20:00,62,0.238632763866,0.0,0.0,0.0
2015-09-17 09:25:00,67,0.167673821903,0.0,0.0,0.0
2015-09-17 09:30:00,65,0.212097951517,0.0,0.0,0.0
2015-09-17 09:35:00,63,0.208901184268,0.0,0.0,0.0
2015-09-17 09:40:00,61,0.205621529169,0.0,0.0,0.0
2015-09-17 09:45:00,69,0.175878675154,0.0,0.0,0.0
2015-09-17 09:50:00,65,0.233165662904,0.0,0.0,0.0
2015-09-17 09:55:00,63,0.208903950676,0.0,0.0,0.0
2015-09-17 10:00:00,65,0.169553935484,0.0,0.0,0.0
2015-09-17 10:05:00,71,0.22169707445,0.0,0.0,0.0
2015-09-17 10:10:00,66,0.245214153132,0.0,0.0,0.0
2015-09-17 10:15:00,64,0.210424535597,0.0,0.0,0.0
2015-09-17 10:20:00,61,0.21616509339,0.0,0.0,0.0
2015-09-17 10:25:00,65,0.148237978117,0.0,0.0,0.0
2015-09-17 10:30:00,65,0.190114976618,0.0,0.0,0.0
2015-09-17 10:35:00,62,0.216916982233,0.0,0.0,0.0
2015-09-17 10:45:00,64,0.167027213156,0.0,0.0,0.0
2015-09-17 10:50:00,61,0.214897295533,0.0,0.0,0.0
2015-09-17 10:55:00,59,0.201090204895,0.0,0.0,0.0
2015-09-17 11:00:00,64,0.134673287464,0.0,0.0,0.0
2015-09-17 11:05:00,55,0.268261568792,0.0,0.0,0.0
2015-09-17 11:10:00,62,0.110087540114,0.0,0.0,0.0
2015-09-17 11:15:00,61,0.192583969751,0.0,0.0,0.0
2015-09-17 11:20:00,66,0.151908375311,0.0,0.0,0.0
2015-09-17 11:25:00,61,0.235113214208,0.0,0.0,0.0
2015-09-17 11:30:00,69,0.175228464857,0.0,0.0,0.0
2015-09-17 11:35:00,66,0.222104154012,0.0,0.0,0.0
2015-09-17 11:40:00,68,0.200008434935,0.0,0.0,0.0
2015-09-17 11:45:00,69,0.219960761894,0.0,0.0,0.0
2015-09-17 11:50:00,66,0.22339716272,0.0,0.0,0.0
2015-09-17 11:55:00,66,0.191650437507,0.0,0.0,0.0
2015-09-17 12:00:00,64,0.209445018344,0.0,0.0,0.0
2015-09-17 12:05:00,63,0.197150526581,0.0,0.0,0.0
2015-09-17 12:10:00,68,0.171280278532,0.0,0.0,0.0
2015-09-17 12:20:00,62,0.24870400305,0.0,0.0,0.0
2015-09-17 12:25:00,66,0.149274232835,0.0,0.0,0.0
2015-09-17 12:30:00,71,0.217875359953,0.0,0.0,0.0
2015-09-17 12:35:00,67,0.235449985247,0.0,0.0,0.0
2015-09-17 12:40:00,66,0.202189147465,0.0,0.0,0.0
2015-09-17 12:45:00,62,0.227496561955,0.0,0.0,0.0
2015-09-17 12:50:00,62,0.185123436869,0.0,0.0,0.0
2015-09-17 12:55:00,62,0.18487185032,0.0,0.0,0.0
2015-09-17 13:00:00,59,0.211685547924,0.0,0.0,0.0
2015-09-17 13:05:00,56,0.20691088413,0.0,0.0,0.0
2015-09-17 13:10:00,41,0.310368283559,0.0,0.0,0.0
2015-09-17 13:15:00,63,0.0347498699919,0.0,0.0,0.0
2015-09-17 13:20:00,46,0.338934787775,0.0,0.0,0.0
2015-09-17 13:25:00,47,0.150703134815,0.0,0.0,0.0
2015-09-17 13:30:00,63,0.0166474088125,0.0,0.0,0.0
2015-09-17 13:35:00,50,0.30218978948,0.0,0.0,0.0
2015-09-17 13:40:00,46,0.201154667424,0.0,0.0,0.0
2015-09-17 13:45:00,33,0.27606772,0.0,0.0,0.0
2015-09-17 13:50:00,23,0.446703138365,0.0,0.0,0.0
2015-09-17 13:55:00,26,0.490856003395,0.0,0.0,0.0
2015-09-17 14:00:00,19,0.52713723686,0.0,0.0,0.0
2015-09-17 14:05:00,27,0.503279368019,0.0,0.0,0.0
